datetime,dst_pred
2024-04-15 00:00:00+00:00,-34.51282216207207
2024-04-15 01:00:00+00:00,-33.81609668471306
2024-04-15 02:00:00+00:00,-39.97056518255011
2024-04-15 03:00:00+00:00,-39.90727391308357
2024-04-15 04:00:00+00:00,-30.65915412095061
2024-04-15 05:00:00+00:00,-28.54394652266661
2024-04-15 06:00:00+00:00,-30.02925840348162
2024-04-15 07:00:00+00:00,-25.198810273826215
2024-04-15 08:00:00+00:00,-22.439897608691652
2024-04-15 09:00:00+00:00,-31.14103681253083
2024-04-15 10:00:00+00:00,-36.04019391899164
2024-04-15 11:00:00+00:00,-33.274964581410224
2024-04-15 12:00:00+00:00,-35.258384904160565
2024-04-15 13:00:00+00:00,-36.08689929120233
2024-04-15 14:00:00+00:00,-29.987272665799157
2024-04-15 15:00:00+00:00,-36.87018714532016
2024-04-15 16:00:00+00:00,-38.514301688066624
2024-04-15 17:00:00+00:00,-38.04199256461678
2024-04-15 18:00:00+00:00,-35.787939756413984
2024-04-15 19:00:00+00:00,-40.413713424905886
2024-04-15 20:00:00+00:00,-40.75414958948044
2024-04-15 21:00:00+00:00,-38.93630722726333
2024-04-15 22:00:00+00:00,-36.44244913054794
2024-04-15 23:00:00+00:00,-38.50466420230341
2024-04-16 00:00:00+00:00,-38.70988373625687
2024-04-16 01:00:00+00:00,-32.23729036149647
2024-04-16 02:00:00+00:00,-34.87051567613481
2024-04-16 03:00:00+00:00,-31.075143756217713
2024-04-16 04:00:00+00:00,-32.55384644844526
2024-04-16 05:00:00+00:00,-30.677156995224795
2024-04-16 06:00:00+00:00,-27.249622606064165
2024-04-16 07:00:00+00:00,-25.796850757715575
2024-04-16 08:00:00+00:00,-26.2726241753047
2024-04-16 09:00:00+00:00,-20.614655327952995
2024-04-16 10:00:00+00:00,-24.658738027956563
2024-04-16 11:00:00+00:00,-26.101063061721465
2024-04-16 12:00:00+00:00,-29.159349219656015
2024-04-16 13:00:00+00:00,-32.216018910001374
2024-04-16 14:00:00+00:00,-29.35163158318274
2024-04-16 15:00:00+00:00,-35.10179222219975
2024-04-16 16:00:00+00:00,-29.49706798057278
2024-04-16 17:00:00+00:00,-25.52967123483596
2024-04-16 18:00:00+00:00,-17.101667828490772
2024-04-16 19:00:00+00:00,-26.280381906444294
2024-04-16 20:00:00+00:00,-25.98847013291784
2024-04-16 21:00:00+00:00,-21.825176876757713
2024-04-16 22:00:00+00:00,-18.36343837275338
2024-04-16 23:00:00+00:00,-23.31626774372959
2024-04-17 00:00:00+00:00,-23.18544118418863
2024-04-17 01:00:00+00:00,-22.143744003051484
2024-04-17 02:00:00+00:00,-24.243581934729445
2024-04-17 03:00:00+00:00,-24.64271091317677
2024-04-17 04:00:00+00:00,-25.833079612891837
2024-04-17 05:00:00+00:00,-22.222234066716624
2024-04-17 06:00:00+00:00,-24.361669383274833
2024-04-17 07:00:00+00:00,-17.76952114304711
2024-04-17 08:00:00+00:00,-22.314822209735553
2024-04-17 09:00:00+00:00,-19.119814131148907
2024-04-17 10:00:00+00:00,-22.271041446576902
2024-04-17 11:00:00+00:00,-28.79449185096113
2024-04-17 12:00:00+00:00,-22.00370571716386
2024-04-17 13:00:00+00:00,-17.957671118481755
2024-04-17 14:00:00+00:00,-14.568629347041874
2024-04-17 15:00:00+00:00,-13.726673961300058
2024-04-17 16:00:00+00:00,-12.445691934066122
2024-04-17 17:00:00+00:00,-11.774671501424303
2024-04-17 18:00:00+00:00,-8.716333985096245
2024-04-17 19:00:00+00:00,-10.60983848440895
2024-04-17 20:00:00+00:00,-11.619483099972406
2024-04-17 21:00:00+00:00,-15.369983213721088
2024-04-17 22:00:00+00:00,-15.338396865933076
2024-04-17 23:00:00+00:00,-15.52401069694943
2024-04-18 00:00:00+00:00,-13.85865247778153
2024-04-18 01:00:00+00:00,-20.526687400874557
2024-04-18 02:00:00+00:00,-15.201905612650435
2024-04-18 03:00:00+00:00,-17.29192183358404
2024-04-18 04:00:00+00:00,-17.752209667118034
2024-04-18 05:00:00+00:00,-16.8147154239722
2024-04-18 06:00:00+00:00,-34.11222091560981
2024-04-18 07:00:00+00:00,-39.78648168804071
2024-04-18 08:00:00+00:00,-39.02609452606836
2024-04-18 09:00:00+00:00,-33.49226642895
2024-04-18 10:00:00+00:00,-29.4953171091435
2024-04-18 11:00:00+00:00,-29.988291443267833
2024-04-18 12:00:00+00:00,-36.783747314721424
2024-04-18 13:00:00+00:00,-29.81737246111721
2024-04-18 14:00:00+00:00,-37.53972397811445
2024-04-18 15:00:00+00:00,-33.140389177350656
2024-04-18 16:00:00+00:00,-36.93393174397289
2024-04-18 17:00:00+00:00,-41.1316689368455
2024-04-18 18:00:00+00:00,-41.94163548035003
2024-04-18 19:00:00+00:00,-39.09368063757597
2024-04-18 20:00:00+00:00,-38.91744840010879
2024-04-18 21:00:00+00:00,-44.36023936927109
2024-04-18 22:00:00+00:00,-46.85381165994164
2024-04-18 23:00:00+00:00,-44.9314202864499
2024-04-19 00:00:00+00:00,-47.020386206630825
2024-04-19 01:00:00+00:00,-43.675757392038086
2024-04-19 02:00:00+00:00,-40.796885351963724
2024-04-19 03:00:00+00:00,-40.35360475835601
2024-04-19 04:00:00+00:00,-40.788093539272
2024-04-19 05:00:00+00:00,-38.32512421226817
2024-04-19 06:00:00+00:00,-40.88565127345628
2024-04-19 07:00:00+00:00,-38.25538764753611
2024-04-19 08:00:00+00:00,-33.12169670903518
2024-04-19 09:00:00+00:00,-30.673860483935034
2024-04-19 10:00:00+00:00,-28.86624582474926
2024-04-19 11:00:00+00:00,-28.26827543702296
2024-04-19 12:00:00+00:00,-22.694102500444927
2024-04-19 13:00:00+00:00,-24.939626370580395
2024-04-19 14:00:00+00:00,-26.981610867884218
2024-04-19 15:00:00+00:00,-30.468678486195465
2024-04-19 16:00:00+00:00,-29.60731086943593
2024-04-19 17:00:00+00:00,-29.776856348754933
2024-04-19 18:00:00+00:00,-32.98711868997549
2024-04-19 19:00:00+00:00,-28.691795212735098
2024-04-19 20:00:00+00:00,-34.02479594000809
2024-04-19 21:00:00+00:00,-33.140613540529834
2024-04-19 22:00:00+00:00,-31.28533731246425
2024-04-19 23:00:00+00:00,-37.56940397598509
2024-04-20 00:00:00+00:00,-38.76734813905558
2024-04-20 01:00:00+00:00,-38.37057303703645
2024-04-20 02:00:00+00:00,-40.49082008594775
2024-04-20 03:00:00+00:00,-39.7478180229369
2024-04-20 04:00:00+00:00,-38.29094128185878
2024-04-20 05:00:00+00:00,-38.209244512091864
2024-04-20 06:00:00+00:00,-36.55152867451762
2024-04-20 07:00:00+00:00,-35.529377639931774
2024-04-20 08:00:00+00:00,-35.40169491124576
2024-04-20 09:00:00+00:00,-37.79855711220684
2024-04-20 10:00:00+00:00,-32.619097054623495
2024-04-20 11:00:00+00:00,-32.021207825636566
2024-04-20 12:00:00+00:00,-33.27515264410297
2024-04-20 13:00:00+00:00,-35.29654451875704
2024-04-20 14:00:00+00:00,-37.20624179926006
2024-04-20 15:00:00+00:00,-36.46273937516615
2024-04-20 16:00:00+00:00,-38.002165901316104
2024-04-20 17:00:00+00:00,-37.30504547106862
2024-04-20 18:00:00+00:00,-34.716348048949946
2024-04-20 19:00:00+00:00,-37.460390767432344
2024-04-20 20:00:00+00:00,-39.87264805834909
2024-04-20 21:00:00+00:00,-40.00180155384559
2024-04-20 22:00:00+00:00,-37.88218004790559
2024-04-20 23:00:00+00:00,-34.40995957160172
2024-04-21 00:00:00+00:00,-29.510806280283667
2024-04-21 01:00:00+00:00,-33.11448083091777
2024-04-21 02:00:00+00:00,-30.813234150763993
2024-04-21 03:00:00+00:00,-23.908018050631956
2024-04-21 04:00:00+00:00,-23.550894472231764
2024-04-21 05:00:00+00:00,-24.247813691972862
2024-04-21 06:00:00+00:00,-25.511802253105213
2024-04-21 07:00:00+00:00,-29.06446061690038
2024-04-21 08:00:00+00:00,-23.658018177252128
2024-04-21 09:00:00+00:00,-21.799949926880746
2024-04-21 10:00:00+00:00,-21.492326940071628
2024-04-21 11:00:00+00:00,-17.735547661125285
2024-04-21 12:00:00+00:00,-15.314336093740234
2024-04-21 13:00:00+00:00,-21.058947132000764
2024-04-21 14:00:00+00:00,-16.32808232062089
2024-04-21 15:00:00+00:00,-15.875115380516489
2024-04-21 16:00:00+00:00,-13.25119951982055
2024-04-21 17:00:00+00:00,-11.161268873730434
2024-04-21 18:00:00+00:00,-10.867755704429047
2024-04-21 19:00:00+00:00,-18.047520296890855
2024-04-21 20:00:00+00:00,-17.318045667838742
2024-04-21 21:00:00+00:00,-15.720522428001562
2024-04-21 22:00:00+00:00,-16.30124742664733
2024-04-21 23:00:00+00:00,-14.61737016665834
2024-04-22 00:00:00+00:00,-11.71322935431062
2024-04-22 01:00:00+00:00,-15.896721255285604
2024-04-22 02:00:00+00:00,-13.51146933244793
2024-04-22 03:00:00+00:00,-13.682699478973275
2024-04-22 04:00:00+00:00,-14.25129634262467
2024-04-22 05:00:00+00:00,-12.549809220134852
2024-04-22 06:00:00+00:00,-20.03177765702944
2024-04-22 07:00:00+00:00,-22.167586650247436
2024-04-22 08:00:00+00:00,-19.508900092960904
2024-04-22 09:00:00+00:00,-25.072256842302682
2024-04-22 10:00:00+00:00,-23.004623619023533
2024-04-22 11:00:00+00:00,-23.54256684829605
2024-04-22 12:00:00+00:00,-23.333974873036233
2024-04-22 13:00:00+00:00,-23.358553948540507
2024-04-22 14:00:00+00:00,-18.23188209970428
2024-04-22 15:00:00+00:00,-15.596146642154238
2024-04-22 16:00:00+00:00,-16.33356297799365
2024-04-22 17:00:00+00:00,-11.783628882037345
2024-04-22 18:00:00+00:00,-18.95204697331603
2024-04-22 19:00:00+00:00,-20.89749798738843
2024-04-22 20:00:00+00:00,-24.577534547581795
2024-04-22 21:00:00+00:00,-20.93593373401048
2024-04-22 22:00:00+00:00,-18.82561850149506
2024-04-22 23:00:00+00:00,-20.563108932835863
2024-04-23 00:00:00+00:00,-10.676482430745589
2024-04-23 01:00:00+00:00,-11.206223550012377
2024-04-23 02:00:00+00:00,-8.336366045293984
2024-04-23 03:00:00+00:00,-9.189454109811253
2024-04-23 04:00:00+00:00,-8.63504956474111
2024-04-23 05:00:00+00:00,-9.933271627558822
2024-04-23 06:00:00+00:00,-3.9303651535041313
2024-04-23 07:00:00+00:00,-7.164900891940101
2024-04-23 08:00:00+00:00,-10.864869742619856
2024-04-23 09:00:00+00:00,-2.969863913626987
2024-04-23 10:00:00+00:00,-12.819032816514143
2024-04-23 11:00:00+00:00,-9.201882143184706
2024-04-23 12:00:00+00:00,-5.86829328883103
2024-04-23 13:00:00+00:00,-2.9767826841359057
2024-04-23 14:00:00+00:00,-0.7404008891735027
2024-04-23 15:00:00+00:00,-1.7672472329620892
2024-04-23 16:00:00+00:00,-2.5856805822747786
2024-04-23 17:00:00+00:00,-3.720549569911302
2024-04-23 18:00:00+00:00,-3.6642898294435
2024-04-23 19:00:00+00:00,-6.807600926620476
2024-04-23 20:00:00+00:00,-10.963706575223329
2024-04-23 21:00:00+00:00,-11.783264415084677
2024-04-23 22:00:00+00:00,-8.208168592796918
2024-04-23 23:00:00+00:00,-6.812554689735016
2024-04-24 00:00:00+00:00,-6.776240118196207
2024-04-24 01:00:00+00:00,-6.477547768831662
2024-04-24 02:00:00+00:00,-6.9389607385904775
2024-04-24 03:00:00+00:00,-4.334024429954434
2024-04-24 04:00:00+00:00,-8.52572948931987
2024-04-24 05:00:00+00:00,-10.290999680593089
2024-04-24 06:00:00+00:00,-6.944709494083466
2024-04-24 07:00:00+00:00,-7.162918669481509
2024-04-24 08:00:00+00:00,-5.421597660580544
2024-04-24 09:00:00+00:00,-1.8046904253985034
2024-04-24 10:00:00+00:00,-2.935560236976508
2024-04-24 11:00:00+00:00,-0.8176638673942278
2024-04-24 12:00:00+00:00,-1.5704342423557431
2024-04-24 13:00:00+00:00,-5.685500086384217
2024-04-24 14:00:00+00:00,-7.4903963099777195
2024-04-24 15:00:00+00:00,-8.849637494454507
2024-04-24 16:00:00+00:00,-11.814285049190177
2024-04-24 17:00:00+00:00,-9.602612970790888
2024-04-24 18:00:00+00:00,-8.237833862086136
2024-04-24 19:00:00+00:00,-6.6930785125350525
2024-04-24 20:00:00+00:00,-5.047985302450941
2024-04-24 21:00:00+00:00,-7.268104681652025
2024-04-24 22:00:00+00:00,-4.196465629805625
2024-04-24 23:00:00+00:00,-6.409871949168235
2024-04-25 00:00:00+00:00,-1.1034224249432683
2024-04-25 01:00:00+00:00,0.6739844933777512
2024-04-25 02:00:00+00:00,1.4344538779920804
2024-04-25 03:00:00+00:00,2.9951047337717687
2024-04-25 04:00:00+00:00,1.8394362095849754
2024-04-25 05:00:00+00:00,-10.773223358241841
2024-04-25 06:00:00+00:00,-15.430019867264235
2024-04-25 07:00:00+00:00,-11.788826976971952
2024-04-25 08:00:00+00:00,-15.999116360161688
2024-04-25 09:00:00+00:00,-11.323179531869261
2024-04-25 10:00:00+00:00,-15.921004434710767
2024-04-25 11:00:00+00:00,-17.603368929582007
2024-04-25 12:00:00+00:00,-17.865153594488323
2024-04-25 13:00:00+00:00,-15.186704470677126
2024-04-25 14:00:00+00:00,-15.905711480338185
2024-04-25 15:00:00+00:00,-14.755228602478663
2024-04-25 16:00:00+00:00,-13.661215918319444
2024-04-25 17:00:00+00:00,-15.87538559925983
2024-04-25 18:00:00+00:00,-17.010651533518757
2024-04-25 19:00:00+00:00,-17.382738694357688
2024-04-25 20:00:00+00:00,-20.114901584352285
2024-04-25 21:00:00+00:00,-12.000367346483902
2024-04-25 22:00:00+00:00,-15.94161611771161
2024-04-25 23:00:00+00:00,-12.163877437283473
2024-04-26 00:00:00+00:00,-12.88411391433321
2024-04-26 01:00:00+00:00,-18.345551212343423
2024-04-26 02:00:00+00:00,-16.729953831834507
2024-04-26 03:00:00+00:00,-17.306335575500963
2024-04-26 04:00:00+00:00,-19.704913698273657
2024-04-26 05:00:00+00:00,-19.648086831925973
2024-04-26 06:00:00+00:00,-20.518895667593224
2024-04-26 07:00:00+00:00,-24.98307848756425
2024-04-26 08:00:00+00:00,-27.048778118332848
2024-04-26 09:00:00+00:00,-29.184928734481076
2024-04-26 10:00:00+00:00,-25.310699072549276
2024-04-26 11:00:00+00:00,-24.01716596589083
2024-04-26 12:00:00+00:00,-19.789634495441806
2024-04-26 13:00:00+00:00,-23.17682138081883
2024-04-26 14:00:00+00:00,-22.23017425240546
2024-04-26 15:00:00+00:00,-24.938771406622177
2024-04-26 16:00:00+00:00,-27.730755579967326
2024-04-26 17:00:00+00:00,-28.14963697689324
2024-04-26 18:00:00+00:00,-29.167321074663313
2024-04-26 19:00:00+00:00,-25.518171102581583
2024-04-26 20:00:00+00:00,-28.393199347457454
2024-04-26 21:00:00+00:00,-25.889132285811648
2024-04-26 22:00:00+00:00,-25.20724957687854
2024-04-26 23:00:00+00:00,-21.312645671044507
2024-04-27 00:00:00+00:00,-19.75329958222702
2024-04-27 01:00:00+00:00,-22.62234364936315
2024-04-27 02:00:00+00:00,-16.091669049533046
2024-04-27 03:00:00+00:00,-17.622757061272278
2024-04-27 04:00:00+00:00,-18.870445725733436
2024-04-27 05:00:00+00:00,-17.384098955080372
2024-04-27 06:00:00+00:00,-23.955472424045595
2024-04-27 07:00:00+00:00,-19.019554328042233
2024-04-27 08:00:00+00:00,-13.296761264623695
2024-04-27 09:00:00+00:00,-10.927632934478863
2024-04-27 10:00:00+00:00,-15.928104459269212
2024-04-27 11:00:00+00:00,-15.710865032468925
2024-04-27 12:00:00+00:00,-16.508384701406772
2024-04-27 13:00:00+00:00,-15.36418386638477
2024-04-27 14:00:00+00:00,-16.537317338411544
2024-04-27 15:00:00+00:00,-16.623428389114398
2024-04-27 16:00:00+00:00,-10.679859455634809
2024-04-27 17:00:00+00:00,-16.239013424660875
2024-04-27 18:00:00+00:00,-15.269484083865581
2024-04-27 19:00:00+00:00,-15.681147753427105
2024-04-27 20:00:00+00:00,-16.778067584623233
2024-04-27 21:00:00+00:00,-17.84017704912697
2024-04-27 22:00:00+00:00,-12.153097238002923
2024-04-27 23:00:00+00:00,-13.528302393324692
2024-04-28 00:00:00+00:00,-9.003050217957284
2024-04-28 01:00:00+00:00,-11.993722127295596
2024-04-28 02:00:00+00:00,-11.311567154950716
2024-04-28 03:00:00+00:00,-11.066149538848519
2024-04-28 04:00:00+00:00,-9.133760168777746
2024-04-28 05:00:00+00:00,-12.657081884499501
2024-04-28 06:00:00+00:00,-13.068949695705955
2024-04-28 07:00:00+00:00,-10.132994438465213
2024-04-28 08:00:00+00:00,-6.003813611160614
2024-04-28 09:00:00+00:00,-4.845937869405972
2024-04-28 10:00:00+00:00,-5.47754092762703
2024-04-28 11:00:00+00:00,-6.430646262164501
2024-04-28 12:00:00+00:00,-7.089072714813968
2024-04-28 13:00:00+00:00,-4.822065792392399
2024-04-28 14:00:00+00:00,-7.1370353228154535
2024-04-28 15:00:00+00:00,-5.727488345961773
2024-04-28 16:00:00+00:00,-4.7157202856088345
2024-04-28 17:00:00+00:00,-5.463510485611072
2024-04-28 18:00:00+00:00,-6.113612799961887
2024-04-28 19:00:00+00:00,-2.7700690558274723
2024-04-28 20:00:00+00:00,0.7008654533950619
2024-04-28 21:00:00+00:00,-6.131719788312171
2024-04-28 22:00:00+00:00,-6.962018652897425
2024-04-28 23:00:00+00:00,-7.436899754320593
2024-04-29 00:00:00+00:00,-4.8412554824646765
2024-04-29 01:00:00+00:00,-9.772937155073103
2024-04-29 02:00:00+00:00,-13.554515800556276
2024-04-29 03:00:00+00:00,-7.042699803120905
2024-04-29 04:00:00+00:00,-8.069899861748329
2024-04-29 05:00:00+00:00,-5.747169210793505
2024-04-29 06:00:00+00:00,-5.470063854593749
2024-04-29 07:00:00+00:00,-0.6900130065507144
2024-04-29 08:00:00+00:00,-2.1875601397311737
2024-04-29 09:00:00+00:00,-0.30515353263411926
2024-04-29 10:00:00+00:00,-2.5564210716786557
2024-04-29 11:00:00+00:00,-0.9465952063132551
2024-04-29 12:00:00+00:00,-14.390535610014485
2024-04-29 13:00:00+00:00,-14.196527307006864
2024-04-29 14:00:00+00:00,-25.389860426927054
2024-04-29 15:00:00+00:00,-19.542624150630882
2024-04-29 16:00:00+00:00,-15.011710182287482
2024-04-29 17:00:00+00:00,-12.477582353403998
2024-04-29 18:00:00+00:00,-9.218756293002167
2024-04-29 19:00:00+00:00,-8.152438718797198
2024-04-29 20:00:00+00:00,-14.263676395389918
2024-04-29 21:00:00+00:00,-25.443584248699143
2024-04-29 22:00:00+00:00,-12.539956426992685
2024-04-29 23:00:00+00:00,-10.928770326187655
2024-04-30 00:00:00+00:00,-14.140184284410532
2024-04-30 01:00:00+00:00,-11.672781543493702
2024-04-30 02:00:00+00:00,-13.086107358940946
2024-04-30 03:00:00+00:00,-19.924541583084864
2024-04-30 04:00:00+00:00,-14.830701612641148
2024-04-30 05:00:00+00:00,-29.282899355733946
2024-04-30 06:00:00+00:00,-23.159387122748218
2024-04-30 07:00:00+00:00,-17.95892821464824
2024-04-30 08:00:00+00:00,-15.637027001306262
2024-04-30 09:00:00+00:00,-20.653218872012392
2024-04-30 10:00:00+00:00,-30.25712574484509
2024-04-30 11:00:00+00:00,-22.910950599532548
2024-04-30 12:00:00+00:00,-25.594978180817478
2024-04-30 13:00:00+00:00,-12.665947866788306
2024-04-30 14:00:00+00:00,-14.02512223021968
2024-04-30 15:00:00+00:00,-20.77620910122446
2024-04-30 16:00:00+00:00,-28.366750231240513
2024-04-30 17:00:00+00:00,-38.14720137825438
2024-04-30 18:00:00+00:00,-42.338948967889685
2024-04-30 19:00:00+00:00,-34.5146241673465
2024-04-30 20:00:00+00:00,-28.629029468732234
2024-04-30 21:00:00+00:00,-30.04487086092097
2024-04-30 22:00:00+00:00,-24.3708349117723
2024-04-30 23:00:00+00:00,-13.141306811726599
2024-05-01 00:00:00+00:00,-24.82832158298907
2024-05-01 01:00:00+00:00,-17.5528120435985
2024-05-01 02:00:00+00:00,-19.114917252380977
2024-05-01 03:00:00+00:00,-11.735819328540014
2024-05-01 04:00:00+00:00,-17.306977260179274
2024-05-01 05:00:00+00:00,-8.350384153175062
2024-05-01 06:00:00+00:00,-8.574009903295453
2024-05-01 07:00:00+00:00,-8.884279291430326
2024-05-01 08:00:00+00:00,-2.8092687203509645
2024-05-01 09:00:00+00:00,-8.510728970321306
2024-05-01 10:00:00+00:00,-15.124436093304697
2024-05-01 11:00:00+00:00,-11.481251166874038
2024-05-01 12:00:00+00:00,-15.342489602679635
2024-05-01 13:00:00+00:00,-8.939276753896145
2024-05-01 14:00:00+00:00,-9.320778770846026
2024-05-01 15:00:00+00:00,-10.01101598930046
2024-05-01 16:00:00+00:00,-12.124534289978346
2024-05-01 17:00:00+00:00,-21.848417958552357
2024-05-01 18:00:00+00:00,-23.49531126157692
2024-05-01 19:00:00+00:00,-16.64444228423732
2024-05-01 20:00:00+00:00,-18.535509822455907
2024-05-01 21:00:00+00:00,-18.663879858161582
2024-05-01 22:00:00+00:00,-20.491929435825632
2024-05-01 23:00:00+00:00,-20.608944745716766
2024-05-02 00:00:00+00:00,-20.508419688312518
2024-05-02 01:00:00+00:00,-19.840120828606345
2024-05-02 02:00:00+00:00,-22.817019696361413
2024-05-02 03:00:00+00:00,-27.36386881928667
2024-05-02 04:00:00+00:00,-26.828406173020024
2024-05-02 05:00:00+00:00,-24.974175684483363
2024-05-02 06:00:00+00:00,-17.36740597248556
2024-05-02 07:00:00+00:00,-24.814851523431933
2024-05-02 08:00:00+00:00,-31.923984145730806
2024-05-02 09:00:00+00:00,-25.754004099328245
2024-05-02 10:00:00+00:00,-24.262501593725457
2024-05-02 11:00:00+00:00,-20.555348626565337
2024-05-02 12:00:00+00:00,-17.620172700151887
2024-05-02 13:00:00+00:00,-14.171019534421605
2024-05-02 14:00:00+00:00,-19.224307578372173
2024-05-02 15:00:00+00:00,-21.93535104325539
2024-05-02 16:00:00+00:00,-23.53926164408055
2024-05-02 17:00:00+00:00,-21.097363860306174
2024-05-02 18:00:00+00:00,-13.038059697954758
2024-05-02 19:00:00+00:00,-14.525074568530275
2024-05-02 20:00:00+00:00,-13.85987261390749
2024-05-02 21:00:00+00:00,-13.108301877583234
2024-05-02 22:00:00+00:00,-9.169540795399904
2024-05-02 23:00:00+00:00,-11.139903752285024
2024-05-03 00:00:00+00:00,-11.919141931051316
2024-05-03 01:00:00+00:00,-11.912715711713412
2024-05-03 02:00:00+00:00,-13.10537980304186
2024-05-03 03:00:00+00:00,-11.623421044759487
2024-05-03 04:00:00+00:00,-12.756437766394297
2024-05-03 05:00:00+00:00,-10.49536641370877
2024-05-03 06:00:00+00:00,-10.232478676031848
2024-05-03 07:00:00+00:00,-16.390568599256678
2024-05-03 08:00:00+00:00,-13.567485014280543
2024-05-03 09:00:00+00:00,-12.63502863503641
2024-05-03 10:00:00+00:00,-12.120785723145378
2024-05-03 11:00:00+00:00,-15.90591705085303
2024-05-03 12:00:00+00:00,-14.485971638147223
2024-05-03 13:00:00+00:00,-11.66177185299391
2024-05-03 14:00:00+00:00,-12.573707256738249
2024-05-03 15:00:00+00:00,-11.929989246574307
2024-05-03 16:00:00+00:00,-14.11715018164661
2024-05-03 17:00:00+00:00,-15.738398577416174
2024-05-03 18:00:00+00:00,-16.1933157654441
2024-05-03 19:00:00+00:00,-17.29711776116447
2024-05-03 20:00:00+00:00,-16.384120285060327
2024-05-03 21:00:00+00:00,-16.9636975910015
2024-05-03 22:00:00+00:00,-18.713638812282763
2024-05-03 23:00:00+00:00,-20.816405907327916
2024-05-04 00:00:00+00:00,-12.576841089522398
2024-05-04 01:00:00+00:00,-18.228385750699502
2024-05-04 02:00:00+00:00,-14.199755750306158
2024-05-04 03:00:00+00:00,-12.423522105078451
2024-05-04 04:00:00+00:00,-13.716135556223943
2024-05-04 05:00:00+00:00,-13.612545405426676
2024-05-04 06:00:00+00:00,-13.720569300553349
2024-05-04 07:00:00+00:00,-16.25857484915906
2024-05-04 08:00:00+00:00,-20.353327694547858
2024-05-04 09:00:00+00:00,-18.66827275454032
2024-05-04 10:00:00+00:00,-10.010025716851699
2024-05-04 11:00:00+00:00,-11.453485292609491
2024-05-04 12:00:00+00:00,-15.503571990295553
2024-05-04 13:00:00+00:00,-11.675068400065717
2024-05-04 14:00:00+00:00,-13.990603712580292
2024-05-04 15:00:00+00:00,-20.6507499416316
2024-05-04 16:00:00+00:00,-16.02578635122744
2024-05-04 17:00:00+00:00,-17.992882272011112
2024-05-04 18:00:00+00:00,-25.28324931261141
2024-05-04 19:00:00+00:00,-23.97075541084218
2024-05-04 20:00:00+00:00,-36.902860943228525
2024-05-04 21:00:00+00:00,-34.390762361847734
2024-05-04 22:00:00+00:00,-35.57539070715096
2024-05-04 23:00:00+00:00,-31.467842863663993
2024-05-05 00:00:00+00:00,-29.85565213227336
2024-05-05 01:00:00+00:00,-19.778842298877382
2024-05-05 02:00:00+00:00,-24.378724714377242
2024-05-05 03:00:00+00:00,-23.97037454901142
2024-05-05 04:00:00+00:00,-31.01037931457563
2024-05-05 05:00:00+00:00,-29.018360994938877
2024-05-05 06:00:00+00:00,-29.816281617630807
2024-05-05 07:00:00+00:00,-28.209298862384756
2024-05-05 08:00:00+00:00,-23.31798910437785
2024-05-05 09:00:00+00:00,-18.1796665027689
2024-05-05 10:00:00+00:00,-23.521430722727168
2024-05-05 11:00:00+00:00,-33.44427882560465
2024-05-05 12:00:00+00:00,-42.57515934484062
2024-05-05 13:00:00+00:00,-34.85722057433491
2024-05-05 14:00:00+00:00,-33.88290183349609
2024-05-05 15:00:00+00:00,-35.30353891861075
2024-05-05 16:00:00+00:00,-29.687216248826985
2024-05-05 17:00:00+00:00,-26.7597509142015
2024-05-05 18:00:00+00:00,-23.051702538400107
2024-05-05 19:00:00+00:00,-32.608755644307415
2024-05-05 20:00:00+00:00,-25.360760887522726
2024-05-05 21:00:00+00:00,-23.228710788356548
2024-05-05 22:00:00+00:00,-19.003420298768255
2024-05-05 23:00:00+00:00,-16.902730368429253
2024-05-06 00:00:00+00:00,-13.283320932122546
2024-05-06 01:00:00+00:00,-14.589610545298262
2024-05-06 02:00:00+00:00,-15.787995151048117
2024-05-06 03:00:00+00:00,-16.6316568744748
2024-05-06 04:00:00+00:00,-13.268488275079138
2024-05-06 05:00:00+00:00,-12.750879622954281
2024-05-06 06:00:00+00:00,-7.464896945640653
2024-05-06 07:00:00+00:00,-4.602944613307417
2024-05-06 08:00:00+00:00,-6.271036461297249
2024-05-06 09:00:00+00:00,-6.435592579523591
2024-05-06 10:00:00+00:00,-8.822823627960728
2024-05-06 11:00:00+00:00,-8.66628074300482
2024-05-06 12:00:00+00:00,-8.750622731519009
2024-05-06 13:00:00+00:00,-6.411421305644696
2024-05-06 14:00:00+00:00,-12.808406291622598
2024-05-06 15:00:00+00:00,-8.115963507711959
2024-05-06 16:00:00+00:00,-10.97797590986825
2024-05-06 17:00:00+00:00,-13.672584056251917
2024-05-06 18:00:00+00:00,-9.650895725270775
2024-05-06 19:00:00+00:00,-7.2833982192494675
2024-05-06 20:00:00+00:00,-4.9673097520126275
2024-05-06 21:00:00+00:00,-4.720309822803066
2024-05-06 22:00:00+00:00,-3.170411168342024
2024-05-06 23:00:00+00:00,-4.871462562722876
2024-05-07 00:00:00+00:00,-6.066108829828556
2024-05-07 01:00:00+00:00,-7.282643030419573
2024-05-07 02:00:00+00:00,-4.842362196519781
2024-05-07 03:00:00+00:00,-5.508240471221457
2024-05-07 04:00:00+00:00,-7.891974281071264
2024-05-07 05:00:00+00:00,-5.128397593990625
2024-05-07 06:00:00+00:00,-5.5458061992234065
2024-05-07 07:00:00+00:00,-5.5962846582584325
2024-05-07 08:00:00+00:00,-9.035107513053774
2024-05-07 09:00:00+00:00,-8.378077548251559
2024-05-07 10:00:00+00:00,-7.9990560261124815
2024-05-07 11:00:00+00:00,-7.252790703913835
2024-05-07 12:00:00+00:00,-10.027848562703394
2024-05-07 13:00:00+00:00,-5.870037162365965
2024-05-07 14:00:00+00:00,-8.553986781429145
2024-05-07 15:00:00+00:00,-7.76728949486774
2024-05-07 16:00:00+00:00,-9.52354331699038
2024-05-07 17:00:00+00:00,-11.283873879642828
2024-05-07 18:00:00+00:00,-8.841399095813662
2024-05-07 19:00:00+00:00,-6.982492414814966
2024-05-07 20:00:00+00:00,-6.2695578953037785
2024-05-07 21:00:00+00:00,-4.992288399076175
2024-05-07 22:00:00+00:00,-6.880409467943224
2024-05-07 23:00:00+00:00,-8.112350712885304
2024-05-08 00:00:00+00:00,-6.390848191466062
2024-05-08 01:00:00+00:00,-5.92312548723844
2024-05-08 02:00:00+00:00,-7.955968276635482
2024-05-08 03:00:00+00:00,-12.742977177062267
2024-05-08 04:00:00+00:00,-12.291943714016961
2024-05-08 05:00:00+00:00,-10.4788653098594
2024-05-08 06:00:00+00:00,-9.568480568287079
2024-05-08 07:00:00+00:00,-8.570650289218666
2024-05-08 08:00:00+00:00,-13.463163080171146
2024-05-08 09:00:00+00:00,-14.609054442426851
2024-05-08 10:00:00+00:00,-13.25347049873321
2024-05-08 11:00:00+00:00,-14.47686747713754
2024-05-08 12:00:00+00:00,-16.080161389474476
2024-05-08 13:00:00+00:00,-14.172895220548428
2024-05-08 14:00:00+00:00,-11.341998382422775
2024-05-08 15:00:00+00:00,-9.455175507131289
2024-05-08 16:00:00+00:00,-10.670058303221921
2024-05-08 17:00:00+00:00,-12.510516624196333
2024-05-08 18:00:00+00:00,-13.245106867128348
2024-05-08 19:00:00+00:00,-12.893711946181838
2024-05-08 20:00:00+00:00,-18.40339672991996
2024-05-08 21:00:00+00:00,-14.530208382675255
2024-05-08 22:00:00+00:00,-15.28848174907821
2024-05-08 23:00:00+00:00,-11.328873389199085
2024-05-09 00:00:00+00:00,-14.418589456706023
2024-05-09 01:00:00+00:00,-12.763682539792956
2024-05-09 02:00:00+00:00,-17.19036979805906
2024-05-09 03:00:00+00:00,-11.585926541888847
2024-05-09 04:00:00+00:00,-15.75035320601192
2024-05-09 05:00:00+00:00,-20.30248851491064
2024-05-09 06:00:00+00:00,-14.084948790051891
2024-05-09 07:00:00+00:00,-6.608495325493227
2024-05-09 08:00:00+00:00,-6.708671313747785
2024-05-09 09:00:00+00:00,-5.683245468872649
2024-05-09 10:00:00+00:00,-1.7410879555438312
2024-05-09 11:00:00+00:00,-6.597554424803498
2024-05-09 12:00:00+00:00,-11.342816975163883
2024-05-09 13:00:00+00:00,-12.356381732807952
2024-05-09 14:00:00+00:00,-13.257271451650908
2024-05-09 15:00:00+00:00,-21.422374415664162
2024-05-09 16:00:00+00:00,-27.57918320547998
2024-05-09 17:00:00+00:00,-31.250041536860174
2024-05-09 18:00:00+00:00,-36.47567393870308
2024-05-09 19:00:00+00:00,-43.461270329706174
2024-05-09 20:00:00+00:00,-49.120411834206074
2024-05-09 21:00:00+00:00,-51.52576579912416
2024-05-09 22:00:00+00:00,-50.771049761389584
2024-05-09 23:00:00+00:00,-43.2066354214868
2024-05-10 00:00:00+00:00,-53.4427015020733
2024-05-10 01:00:00+00:00,-54.13358463370331
2024-05-10 02:00:00+00:00,-59.70523909824987
2024-05-10 03:00:00+00:00,-65.1504469757291
2024-05-10 04:00:00+00:00,-70.87375829026142
2024-05-10 05:00:00+00:00,-67.36985738086902
2024-05-10 06:00:00+00:00,-77.43505008974927
2024-05-10 07:00:00+00:00,-63.58067196911364
2024-05-10 08:00:00+00:00,-64.14316424883138
2024-05-10 09:00:00+00:00,-64.70960989084688
2024-05-10 10:00:00+00:00,-68.15240080459724
2024-05-10 11:00:00+00:00,-69.62537928598942
2024-05-10 12:00:00+00:00,-75.76520612215815
2024-05-10 13:00:00+00:00,-69.70266217390169
2024-05-10 14:00:00+00:00,-71.36093613475009
2024-05-10 15:00:00+00:00,-72.25246423600782
2024-05-10 16:00:00+00:00,-68.2272980954294
2024-05-10 17:00:00+00:00,-72.8778291246735
2024-05-10 18:00:00+00:00,-72.86377885582445
2024-05-10 19:00:00+00:00,-77.18657922693244
2024-05-10 20:00:00+00:00,-79.30381150246147
2024-05-10 21:00:00+00:00,-75.25721932405342
2024-05-10 22:00:00+00:00,-84.67046206521842
2024-05-10 23:00:00+00:00,-93.4872570844811
2024-05-11 00:00:00+00:00,-82.57496320692447
2024-05-11 01:00:00+00:00,-84.32033159640983
2024-05-11 02:00:00+00:00,-81.53574920272548
2024-05-11 03:00:00+00:00,-79.96039627992269
2024-05-11 04:00:00+00:00,-74.20643997706286
2024-05-11 05:00:00+00:00,-76.68279357998334
2024-05-11 06:00:00+00:00,-78.16923659046292
2024-05-11 07:00:00+00:00,-77.77920593061624
2024-05-11 08:00:00+00:00,-74.64733402340133
2024-05-11 09:00:00+00:00,-72.95200001389915
2024-05-11 10:00:00+00:00,-72.81339530684549
2024-05-11 11:00:00+00:00,-77.49765723694004
2024-05-11 12:00:00+00:00,-75.90948028463005
2024-05-11 13:00:00+00:00,-71.42796818587995
2024-05-11 14:00:00+00:00,-76.196092069884
2024-05-11 15:00:00+00:00,-78.54951986589411
2024-05-11 16:00:00+00:00,-76.36977870807527
2024-05-11 17:00:00+00:00,-73.82240682521787
2024-05-11 18:00:00+00:00,-70.55013983696192
2024-05-11 19:00:00+00:00,-71.71172268738238
2024-05-11 20:00:00+00:00,-70.52711709176978
2024-05-11 21:00:00+00:00,-59.45725040329632
2024-05-11 22:00:00+00:00,-65.18761273762313
2024-05-11 23:00:00+00:00,-64.3548001169364
2024-05-12 00:00:00+00:00,-64.73066599899838
2024-05-12 01:00:00+00:00,-65.22079472264647
2024-05-12 02:00:00+00:00,-71.22990831378684
2024-05-12 03:00:00+00:00,-72.51182368497946
2024-05-12 04:00:00+00:00,-73.36232783517141
2024-05-12 05:00:00+00:00,-69.2362117867727
2024-05-12 06:00:00+00:00,-71.64445818215513
2024-05-12 07:00:00+00:00,-68.23605924342118
2024-05-12 08:00:00+00:00,-64.5637387441217
2024-05-12 09:00:00+00:00,-65.14504589014454
2024-05-12 10:00:00+00:00,-63.073154005607954
2024-05-12 11:00:00+00:00,-64.68713621329326
2024-05-12 12:00:00+00:00,-59.27109562919494
2024-05-12 13:00:00+00:00,-52.06428305040842
2024-05-12 14:00:00+00:00,-44.57254272293326
2024-05-12 15:00:00+00:00,-46.36697581748534
2024-05-12 16:00:00+00:00,-48.621610204902666
2024-05-12 17:00:00+00:00,-53.296419255265334
2024-05-12 18:00:00+00:00,-51.00145368505308
2024-05-12 19:00:00+00:00,-55.45090885667825
2024-05-12 20:00:00+00:00,-48.29250956568596
2024-05-12 21:00:00+00:00,-43.15317431238779
2024-05-12 22:00:00+00:00,-41.10968894494541
2024-05-12 23:00:00+00:00,-45.37476539534053
2024-05-13 00:00:00+00:00,-40.91489849359611
2024-05-13 01:00:00+00:00,-39.26749592192823
2024-05-13 02:00:00+00:00,-34.8907532402736
2024-05-13 03:00:00+00:00,-32.38766058993803
2024-05-13 04:00:00+00:00,-33.62133040696567
2024-05-13 05:00:00+00:00,-29.494881949662883
2024-05-13 06:00:00+00:00,-28.67019508286378
2024-05-13 07:00:00+00:00,-25.07942702430453
2024-05-13 08:00:00+00:00,-26.63916364936493
2024-05-13 09:00:00+00:00,-27.058692148085754
2024-05-13 10:00:00+00:00,-29.34841940680417
2024-05-13 11:00:00+00:00,-28.121060274216333
2024-05-13 12:00:00+00:00,-30.09522820469724
2024-05-13 13:00:00+00:00,-27.75111689091138
2024-05-13 14:00:00+00:00,-26.802696400570607
2024-05-13 15:00:00+00:00,-26.563521489933418
2024-05-13 16:00:00+00:00,-26.43966022496715
2024-05-13 17:00:00+00:00,-22.118294737167556
2024-05-13 18:00:00+00:00,-18.373848193353783
2024-05-13 19:00:00+00:00,-18.52387838461893
2024-05-13 20:00:00+00:00,-24.144698129627358
2024-05-13 21:00:00+00:00,-20.450064788779233
2024-05-13 22:00:00+00:00,-21.985494909321748
2024-05-13 23:00:00+00:00,-20.266684914895368
2024-05-14 00:00:00+00:00,-16.869683034673766
2024-05-14 01:00:00+00:00,-17.460274108303157
2024-05-14 02:00:00+00:00,-16.93693775169614
2024-05-14 03:00:00+00:00,-22.317097636585533
2024-05-14 04:00:00+00:00,-21.682975708164793
2024-05-14 05:00:00+00:00,-21.233636266778483
2024-05-14 06:00:00+00:00,-17.253250205461633
2024-05-14 07:00:00+00:00,-21.548251485329114
2024-05-14 08:00:00+00:00,-25.166739891296412
2024-05-14 09:00:00+00:00,-30.090492036502294
2024-05-14 10:00:00+00:00,-30.622558126140976
2024-05-14 11:00:00+00:00,-34.737842753608184
2024-05-14 12:00:00+00:00,-29.119504082547223
2024-05-14 13:00:00+00:00,-27.52954000686818
2024-05-14 14:00:00+00:00,-28.50652026932215
2024-05-14 15:00:00+00:00,-27.61855498834068
2024-05-14 16:00:00+00:00,-26.52980644433372
2024-05-14 17:00:00+00:00,-17.817138853197292
2024-05-14 18:00:00+00:00,-17.43939999552763
2024-05-14 19:00:00+00:00,-20.848968847193664
2024-05-14 20:00:00+00:00,-23.919046735466736
2024-05-14 21:00:00+00:00,-20.73912583694667
2024-05-14 22:00:00+00:00,-22.67788202998719
2024-05-14 23:00:00+00:00,-25.563107122772696
2024-05-15 00:00:00+00:00,-29.05893444228741
2024-05-15 01:00:00+00:00,-30.429634316473752
2024-05-15 02:00:00+00:00,-28.365295743894986
2024-05-15 03:00:00+00:00,-30.103189568706572
2024-05-15 04:00:00+00:00,-21.519037346526314
2024-05-15 05:00:00+00:00,-22.239558900843697
2024-05-15 06:00:00+00:00,-34.56330296404187
2024-05-15 07:00:00+00:00,-36.97414642154463
2024-05-15 08:00:00+00:00,-41.74037076523524
2024-05-15 09:00:00+00:00,-40.70837208553001
2024-05-15 10:00:00+00:00,-39.47721693104355
2024-05-15 11:00:00+00:00,-41.4166068475504
2024-05-15 12:00:00+00:00,-40.08486009403244
2024-05-15 13:00:00+00:00,-41.4048715382925
2024-05-15 14:00:00+00:00,-38.4682068238813
2024-05-15 15:00:00+00:00,-42.67761664749665
2024-05-15 16:00:00+00:00,-47.08310596484881
2024-05-15 17:00:00+00:00,-48.309448825471854
2024-05-15 18:00:00+00:00,-39.1479173636676
2024-05-15 19:00:00+00:00,-40.76741269401729
2024-05-15 20:00:00+00:00,-40.86115652363507
2024-05-15 21:00:00+00:00,-41.33262704813498
2024-05-15 22:00:00+00:00,-38.430418717133094
2024-05-15 23:00:00+00:00,-40.002498332060384
2024-05-16 00:00:00+00:00,-37.0525349013235
2024-05-16 01:00:00+00:00,-33.36189477028784
2024-05-16 02:00:00+00:00,-34.97589884631144
2024-05-16 03:00:00+00:00,-34.21527974775413
2024-05-16 04:00:00+00:00,-31.998110470262123
2024-05-16 05:00:00+00:00,-29.116875667216487
2024-05-16 06:00:00+00:00,-30.350582113507464
2024-05-16 07:00:00+00:00,-26.552570367203874
2024-05-16 08:00:00+00:00,-26.220957839384347
2024-05-16 09:00:00+00:00,-26.20711614297931
2024-05-16 10:00:00+00:00,-21.53832885039252
2024-05-16 11:00:00+00:00,-20.827241736919934
2024-05-16 12:00:00+00:00,-29.664867544432894
2024-05-16 13:00:00+00:00,-26.456304883008077
2024-05-16 14:00:00+00:00,-22.931264727976064
2024-05-16 15:00:00+00:00,-28.119277635107913
2024-05-16 16:00:00+00:00,-35.740240029233895
2024-05-16 17:00:00+00:00,-31.531965970872992
2024-05-16 18:00:00+00:00,-34.931097148912514
2024-05-16 19:00:00+00:00,-38.13556716719666
2024-05-16 20:00:00+00:00,-35.67063866285948
2024-05-16 21:00:00+00:00,-34.48839888255847
2024-05-16 22:00:00+00:00,-32.81986598863209
2024-05-16 23:00:00+00:00,-33.339711350733175
2024-05-17 00:00:00+00:00,-34.03888392331164
2024-05-17 01:00:00+00:00,-34.97378636700838
2024-05-17 02:00:00+00:00,-37.66509515539784
2024-05-17 03:00:00+00:00,-40.75889513716876
2024-05-17 04:00:00+00:00,-40.194693223015605
2024-05-17 05:00:00+00:00,-31.258406985835105
2024-05-17 06:00:00+00:00,-31.58929003397724
2024-05-17 07:00:00+00:00,-26.460193061635575
2024-05-17 08:00:00+00:00,-27.00878523079732
2024-05-17 09:00:00+00:00,-29.05808225246776
2024-05-17 10:00:00+00:00,-30.457612297283116
2024-05-17 11:00:00+00:00,-30.459647010666288
2024-05-17 12:00:00+00:00,-36.93933024366509
2024-05-17 13:00:00+00:00,-30.204984849519768
2024-05-17 14:00:00+00:00,-30.13383668908403
2024-05-17 15:00:00+00:00,-25.647569143271305
2024-05-17 16:00:00+00:00,-27.106328530669067
2024-05-17 17:00:00+00:00,-28.032260579541546
2024-05-17 18:00:00+00:00,-32.30742849129141
2024-05-17 19:00:00+00:00,-32.88563346985148
2024-05-17 20:00:00+00:00,-28.184913101216527
2024-05-17 21:00:00+00:00,-28.27955367318267
2024-05-17 22:00:00+00:00,-21.217646581787648
2024-05-17 23:00:00+00:00,-20.621223965017144
2024-05-18 00:00:00+00:00,-22.414106605805138
2024-05-18 01:00:00+00:00,-22.056752934126315
2024-05-18 02:00:00+00:00,-18.114033886215495
2024-05-18 03:00:00+00:00,-22.784344099606017
2024-05-18 04:00:00+00:00,-22.282389524643833
2024-05-18 05:00:00+00:00,-26.89753378890669
2024-05-18 06:00:00+00:00,-23.899265251334402
2024-05-18 07:00:00+00:00,-21.428120205152684
2024-05-18 08:00:00+00:00,-23.003800714940354
2024-05-18 09:00:00+00:00,-22.881289612010956
2024-05-18 10:00:00+00:00,-18.36717538826464
2024-05-18 11:00:00+00:00,-19.66010233373871
2024-05-18 12:00:00+00:00,-22.84916996360494
2024-05-18 13:00:00+00:00,-25.24658300929512
2024-05-18 14:00:00+00:00,-20.12213449481161
2024-05-18 15:00:00+00:00,-16.786907122594553
2024-05-18 16:00:00+00:00,-17.026627589590092
2024-05-18 17:00:00+00:00,-20.030178440696115
2024-05-18 18:00:00+00:00,-19.417672172001744
2024-05-18 19:00:00+00:00,-16.630556345701823
2024-05-18 20:00:00+00:00,-15.287819701820219
2024-05-18 21:00:00+00:00,-19.485526083598398
2024-05-18 22:00:00+00:00,-13.385881960943552
2024-05-18 23:00:00+00:00,-13.336186902514543
2024-05-19 00:00:00+00:00,-19.258547234587365
2024-05-19 01:00:00+00:00,-17.98370161140729
2024-05-19 02:00:00+00:00,-15.696006959680906
2024-05-19 03:00:00+00:00,-20.80090223554103
2024-05-19 04:00:00+00:00,-22.42606830267803
2024-05-19 05:00:00+00:00,-21.302033502570865
2024-05-19 06:00:00+00:00,-21.71211643146534
2024-05-19 07:00:00+00:00,-29.787556931380607
2024-05-19 08:00:00+00:00,-20.984402394556202
2024-05-19 09:00:00+00:00,-21.83222554399776
2024-05-19 10:00:00+00:00,-21.713512977136155
2024-05-19 11:00:00+00:00,-20.92754151094194
2024-05-19 12:00:00+00:00,-18.3573886254804
2024-05-19 13:00:00+00:00,-15.751127991586134
2024-05-19 14:00:00+00:00,-19.195067205388913
2024-05-19 15:00:00+00:00,-19.932847620707093
2024-05-19 16:00:00+00:00,-18.342383704251784
2024-05-19 17:00:00+00:00,-19.63265688964999
2024-05-19 18:00:00+00:00,-19.231280190124536
2024-05-19 19:00:00+00:00,-16.524497317944927
2024-05-19 20:00:00+00:00,-15.547586973355815
2024-05-19 21:00:00+00:00,-17.386066783843454
2024-05-19 22:00:00+00:00,-18.33286447943109
2024-05-19 23:00:00+00:00,-19.549454181341222
2024-05-20 00:00:00+00:00,-18.892619823559027
2024-05-20 01:00:00+00:00,-13.432572169341913
2024-05-20 02:00:00+00:00,-12.24225806413928
2024-05-20 03:00:00+00:00,-11.23571737188423
2024-05-20 04:00:00+00:00,-14.605379990174578
2024-05-20 05:00:00+00:00,-15.230366411264637
2024-05-20 06:00:00+00:00,-13.274059276532721
2024-05-20 07:00:00+00:00,-14.708349553827803
2024-05-20 08:00:00+00:00,-16.23253960306277
2024-05-20 09:00:00+00:00,-14.774286194236097
2024-05-20 10:00:00+00:00,-15.43962930954268
2024-05-20 11:00:00+00:00,-13.705811213387785
2024-05-20 12:00:00+00:00,-16.19780750295403
2024-05-20 13:00:00+00:00,-12.641363393488797
2024-05-20 14:00:00+00:00,-12.698509988167755
2024-05-20 15:00:00+00:00,-10.96833717837915
2024-05-20 16:00:00+00:00,-10.267047745033011
2024-05-20 17:00:00+00:00,-16.26816208749656
2024-05-20 18:00:00+00:00,-16.381216143338396
2024-05-20 19:00:00+00:00,-14.386544710835437
2024-05-20 20:00:00+00:00,-14.228581969319883
2024-05-20 21:00:00+00:00,-12.050934074877107
2024-05-20 22:00:00+00:00,-15.554016137206286
2024-05-20 23:00:00+00:00,-11.746853413823603
2024-05-21 00:00:00+00:00,-14.239593042016734
2024-05-21 01:00:00+00:00,-14.805690168059382
2024-05-21 02:00:00+00:00,-16.861845501385197
2024-05-21 03:00:00+00:00,-18.00425373397085
2024-05-21 04:00:00+00:00,-17.98516898873162
2024-05-21 05:00:00+00:00,-13.888319841008505
2024-05-21 06:00:00+00:00,-12.493356732307587
2024-05-21 07:00:00+00:00,-15.242405071331417
2024-05-21 08:00:00+00:00,-12.702364209281967
2024-05-21 09:00:00+00:00,-15.150645773727282
2024-05-21 10:00:00+00:00,-13.239660122053252
2024-05-21 11:00:00+00:00,-11.493988931618533
2024-05-21 12:00:00+00:00,-7.70220937440225
2024-05-21 13:00:00+00:00,-9.803999244614538
2024-05-21 14:00:00+00:00,-5.757094847556434
2024-05-21 15:00:00+00:00,-9.12647503369814
2024-05-21 16:00:00+00:00,-14.747045883907958
2024-05-21 17:00:00+00:00,-10.481521039540715
2024-05-21 18:00:00+00:00,-19.83340395210913
2024-05-21 19:00:00+00:00,-22.399699628278682
2024-05-21 20:00:00+00:00,-28.40462078480614
2024-05-21 21:00:00+00:00,-23.060852544904733
2024-05-21 22:00:00+00:00,-15.79497520889135
2024-05-21 23:00:00+00:00,-12.043643249742146
2024-05-22 00:00:00+00:00,-3.6379344016009347
2024-05-22 01:00:00+00:00,-5.395623977412487
2024-05-22 02:00:00+00:00,-3.768982383598191
2024-05-22 03:00:00+00:00,-4.8408363011749
2024-05-22 04:00:00+00:00,-1.8869159444507297
2024-05-22 05:00:00+00:00,-2.6267769357449766
2024-05-22 06:00:00+00:00,-1.8867347560901946
2024-05-22 07:00:00+00:00,-6.561464238005105
2024-05-22 08:00:00+00:00,-6.3707845471946305
2024-05-22 09:00:00+00:00,-4.170803435873744
2024-05-22 10:00:00+00:00,-10.260913674644707
2024-05-22 11:00:00+00:00,-6.084507917571849
2024-05-22 12:00:00+00:00,-6.120301454919279
2024-05-22 13:00:00+00:00,-5.109256913390703
2024-05-22 14:00:00+00:00,-5.633176320626393
2024-05-22 15:00:00+00:00,-8.499892742037613
2024-05-22 16:00:00+00:00,-8.468515777918894
2024-05-22 17:00:00+00:00,-11.313707033926743
2024-05-22 18:00:00+00:00,-14.330407435389128
2024-05-22 19:00:00+00:00,-13.463875115361954
2024-05-22 20:00:00+00:00,-13.082475276755849
2024-05-22 21:00:00+00:00,-17.771974866253597
2024-05-22 22:00:00+00:00,-8.384392983734838
2024-05-22 23:00:00+00:00,-7.899635816157134
2024-05-23 00:00:00+00:00,-9.462779243439627
2024-05-23 01:00:00+00:00,-5.393901234154261
2024-05-23 02:00:00+00:00,-4.424609018960513
2024-05-23 03:00:00+00:00,-6.29201835798388
2024-05-23 04:00:00+00:00,-6.782774611177403
2024-05-23 05:00:00+00:00,-16.748792563874247
2024-05-23 06:00:00+00:00,-12.051536936675042
2024-05-23 07:00:00+00:00,-13.840835824023175
2024-05-23 08:00:00+00:00,-12.207890091185236
2024-05-23 09:00:00+00:00,-10.994815467131554
2024-05-23 10:00:00+00:00,-9.69231190582396
2024-05-23 11:00:00+00:00,-6.6188417642495345
2024-05-23 12:00:00+00:00,-8.997693007101015
2024-05-23 13:00:00+00:00,-11.653586746030012
2024-05-23 14:00:00+00:00,-12.730577058352273
2024-05-23 15:00:00+00:00,-11.137224187272214
2024-05-23 16:00:00+00:00,-12.805552429849161
2024-05-23 17:00:00+00:00,-9.317230899232596
2024-05-23 18:00:00+00:00,-10.8023033009046
2024-05-23 19:00:00+00:00,-10.233854767605813
2024-05-23 20:00:00+00:00,-13.518893991421246
2024-05-23 21:00:00+00:00,-13.127858612399358
2024-05-23 22:00:00+00:00,-10.51384171689921
2024-05-23 23:00:00+00:00,-6.322114825141654
2024-05-24 00:00:00+00:00,-19.36085506945
2024-05-24 01:00:00+00:00,-20.209488984289354
2024-05-24 02:00:00+00:00,-21.067927802655532
2024-05-24 03:00:00+00:00,-17.146558965828977
2024-05-24 04:00:00+00:00,-18.23384091611387
2024-05-24 05:00:00+00:00,-17.037016355987124
2024-05-24 06:00:00+00:00,-15.368959782018987
2024-05-24 07:00:00+00:00,-16.345257935826528
2024-05-24 08:00:00+00:00,-15.182010991400068
2024-05-24 09:00:00+00:00,-16.173163980631813
2024-05-24 10:00:00+00:00,-17.949197917001836
2024-05-24 11:00:00+00:00,-12.963597328806957
2024-05-24 12:00:00+00:00,-8.571690823533268
2024-05-24 13:00:00+00:00,-13.550449870676037
2024-05-24 14:00:00+00:00,-11.950238950577795
2024-05-24 15:00:00+00:00,-19.171548583595012
2024-05-24 16:00:00+00:00,-16.521498346298557
2024-05-24 17:00:00+00:00,-13.992237211213826
2024-05-24 18:00:00+00:00,-13.656220503456037
2024-05-24 19:00:00+00:00,-11.79569161123261
2024-05-24 20:00:00+00:00,-12.183508884400819
2024-05-24 21:00:00+00:00,-8.521810467552854
2024-05-24 22:00:00+00:00,-12.078991577431523
2024-05-24 23:00:00+00:00,-13.707778892132186
2024-05-25 00:00:00+00:00,-9.246411756157332
2024-05-25 01:00:00+00:00,-6.740648651238736
2024-05-25 02:00:00+00:00,-10.068542590772408
2024-05-25 03:00:00+00:00,-9.433400894173012
2024-05-25 04:00:00+00:00,-7.0409046332889424
2024-05-25 05:00:00+00:00,-3.3994726725528914
2024-05-25 06:00:00+00:00,-2.186845952704599
2024-05-25 07:00:00+00:00,-4.66389386692921
2024-05-25 08:00:00+00:00,-3.5972000477818
2024-05-25 09:00:00+00:00,-8.603340245683391
2024-05-25 10:00:00+00:00,-6.509889766408947
2024-05-25 11:00:00+00:00,-4.215879794616198
2024-05-25 12:00:00+00:00,-4.531437525072799
2024-05-25 13:00:00+00:00,-6.2622773514446965
2024-05-25 14:00:00+00:00,-5.737618722701593
2024-05-25 15:00:00+00:00,-8.085672068053658
2024-05-25 16:00:00+00:00,-10.95887341053484
2024-05-25 17:00:00+00:00,-13.259269824908595
2024-05-25 18:00:00+00:00,-14.105382752187909
2024-05-25 19:00:00+00:00,-13.648217915608177
2024-05-25 20:00:00+00:00,-13.499263687311108
2024-05-25 21:00:00+00:00,-8.538614844210402
2024-05-25 22:00:00+00:00,-8.060970574925426
2024-05-25 23:00:00+00:00,-6.931105811997269
2024-05-26 00:00:00+00:00,-3.2288805165796917
2024-05-26 01:00:00+00:00,-5.031408905838193
2024-05-26 02:00:00+00:00,-3.6911169635928816
2024-05-26 03:00:00+00:00,-2.213040756031297
2024-05-26 04:00:00+00:00,-7.067146729763701
2024-05-26 05:00:00+00:00,-4.571988889604686
2024-05-26 06:00:00+00:00,-8.18061868459931
2024-05-26 07:00:00+00:00,-4.099040896873608
2024-05-26 08:00:00+00:00,-7.068266131371837
2024-05-26 09:00:00+00:00,-8.626297325312473
2024-05-26 10:00:00+00:00,-8.320235977770764
2024-05-26 11:00:00+00:00,-10.959116321590578
2024-05-26 12:00:00+00:00,-14.708694347647985
2024-05-26 13:00:00+00:00,-15.230602556861617
2024-05-26 14:00:00+00:00,-11.594489667414315
2024-05-26 15:00:00+00:00,-10.054715889051282
2024-05-26 16:00:00+00:00,-11.64416409394004
2024-05-26 17:00:00+00:00,-8.323573672258277
2024-05-26 18:00:00+00:00,-5.908931734694146
2024-05-26 19:00:00+00:00,-8.546057813012764
2024-05-26 20:00:00+00:00,-10.57133343529239
2024-05-26 21:00:00+00:00,-5.80670244964873
2024-05-26 22:00:00+00:00,-6.3665220728047345
2024-05-26 23:00:00+00:00,-7.955116519162242
2024-05-27 00:00:00+00:00,-7.756144413289353
2024-05-27 01:00:00+00:00,-5.139359498665385
2024-05-27 02:00:00+00:00,-10.143722589028533
2024-05-27 03:00:00+00:00,-6.324001777437091
2024-05-27 04:00:00+00:00,-6.366537082967061
2024-05-27 05:00:00+00:00,-5.596814422319688
2024-05-27 06:00:00+00:00,-2.860460543131351
2024-05-27 07:00:00+00:00,-4.3640539845342605
2024-05-27 08:00:00+00:00,-6.058104073877442
2024-05-27 09:00:00+00:00,-8.56508720543816
2024-05-27 10:00:00+00:00,-7.24532742362686
2024-05-27 11:00:00+00:00,-4.500475386985707
2024-05-27 12:00:00+00:00,-6.593260480810317
2024-05-27 13:00:00+00:00,-4.613610354311239
2024-05-27 14:00:00+00:00,-7.006523437360907
2024-05-27 15:00:00+00:00,-5.437272220889491
2024-05-27 16:00:00+00:00,-0.9578814291078027
2024-05-27 17:00:00+00:00,-2.9173023877246895
2024-05-27 18:00:00+00:00,0.43595876833357355
2024-05-27 19:00:00+00:00,-1.1777644724984548
2024-05-27 20:00:00+00:00,-2.7897258688830697
2024-05-27 21:00:00+00:00,-2.3352956528513262
2024-05-27 22:00:00+00:00,-0.2955332893783833
2024-05-27 23:00:00+00:00,-4.5908489301841255
2024-05-28 00:00:00+00:00,-5.122585924483103
2024-05-28 01:00:00+00:00,-5.056557977119105
2024-05-28 02:00:00+00:00,-5.227008713906074
2024-05-28 03:00:00+00:00,-5.079427851576904
2024-05-28 04:00:00+00:00,-5.422734123551897
2024-05-28 05:00:00+00:00,-3.962114298557535
2024-05-28 06:00:00+00:00,-4.974341510989887
2024-05-28 07:00:00+00:00,-4.2141854035602995
2024-05-28 08:00:00+00:00,-1.6638578049222705
2024-05-28 09:00:00+00:00,-3.674541060570853
2024-05-28 10:00:00+00:00,-4.254115517319911
2024-05-28 11:00:00+00:00,0.7098033617727342
2024-05-28 12:00:00+00:00,-0.1577851539651292
2024-05-28 13:00:00+00:00,-4.039247243650966
2024-05-28 14:00:00+00:00,0.9880343982015027
2024-05-28 15:00:00+00:00,4.397836292215975
2024-05-28 16:00:00+00:00,4.870102405662447
2024-05-28 17:00:00+00:00,7.99825711218239
2024-05-28 18:00:00+00:00,4.256168699660942
2024-05-28 19:00:00+00:00,7.365707896683137
2024-05-28 20:00:00+00:00,8.129035781021473
2024-05-28 21:00:00+00:00,10.3015978107645
2024-05-28 22:00:00+00:00,4.725439953056185
2024-05-28 23:00:00+00:00,6.014704536929117
2024-05-29 00:00:00+00:00,11.636434248496169
2024-05-29 01:00:00+00:00,11.389552357100639
2024-05-29 02:00:00+00:00,10.295964540043599
2024-05-29 03:00:00+00:00,10.744526510343622
2024-05-29 04:00:00+00:00,6.1991052859902895
2024-05-29 05:00:00+00:00,0.07976310899943097
2024-05-29 06:00:00+00:00,1.6656171210555808
2024-05-29 07:00:00+00:00,6.177165821312151
2024-05-29 08:00:00+00:00,2.8003833590403002
2024-05-29 09:00:00+00:00,0.4857814861601164
2024-05-29 10:00:00+00:00,2.261522060561065
2024-05-29 11:00:00+00:00,-3.510485547833564
2024-05-29 12:00:00+00:00,-1.2120636564269491
2024-05-29 13:00:00+00:00,0.6097977006015142
2024-05-29 14:00:00+00:00,0.45630841102653674
2024-05-29 15:00:00+00:00,-1.493094558595007
2024-05-29 16:00:00+00:00,-4.524776320414217
2024-05-29 17:00:00+00:00,-2.8897253531873885
2024-05-29 18:00:00+00:00,6.928205216455134
2024-05-29 19:00:00+00:00,-4.560900849298344
2024-05-29 20:00:00+00:00,-7.554837531870291
2024-05-29 21:00:00+00:00,-0.5258112213318016
2024-05-29 22:00:00+00:00,-1.401889544670153
2024-05-29 23:00:00+00:00,-0.09671659413371564
2024-05-30 00:00:00+00:00,-11.302868170706429
2024-05-30 01:00:00+00:00,-10.394830731646643
2024-05-30 02:00:00+00:00,-15.163749003745105
2024-05-30 03:00:00+00:00,-10.271598067386206
2024-05-30 04:00:00+00:00,-10.50746953833746
2024-05-30 05:00:00+00:00,-12.254833187759838
2024-05-30 06:00:00+00:00,-11.111876899983308
2024-05-30 07:00:00+00:00,-9.982563513646873
2024-05-30 08:00:00+00:00,-9.34673131497337
2024-05-30 09:00:00+00:00,-10.995983290476458
2024-05-30 10:00:00+00:00,-7.024639288253456
2024-05-30 11:00:00+00:00,-6.767526215001543
2024-05-30 12:00:00+00:00,-6.992101297383149
2024-05-30 13:00:00+00:00,-6.2743808655066164
2024-05-30 14:00:00+00:00,-9.408747084173179
2024-05-30 15:00:00+00:00,-10.925406874610593
2024-05-30 16:00:00+00:00,-12.799740155881262
2024-05-30 17:00:00+00:00,-8.352902782324323
2024-05-30 18:00:00+00:00,-11.58499886133043
2024-05-30 19:00:00+00:00,-10.175455460086287
2024-05-30 20:00:00+00:00,-9.07837592990364
2024-05-30 21:00:00+00:00,-10.283488259393085
2024-05-30 22:00:00+00:00,-9.684718915314507
2024-05-30 23:00:00+00:00,-10.405615524701329
2024-05-31 00:00:00+00:00,-18.07334922906932
2024-05-31 01:00:00+00:00,-19.560923809749656
2024-05-31 02:00:00+00:00,-23.742096262058144
2024-05-31 03:00:00+00:00,-20.199890022667365
2024-05-31 04:00:00+00:00,-21.72854069603938
2024-05-31 05:00:00+00:00,-17.849778235888937
2024-05-31 06:00:00+00:00,-24.7939598322281
2024-05-31 07:00:00+00:00,-17.53256562633757
2024-05-31 08:00:00+00:00,-20.282288221407292
2024-05-31 09:00:00+00:00,-21.786329156075052
2024-05-31 10:00:00+00:00,-17.54785122553812
2024-05-31 11:00:00+00:00,-19.969170643049154
2024-05-31 12:00:00+00:00,-19.799782985472675
2024-05-31 13:00:00+00:00,-19.093061645664974
2024-05-31 14:00:00+00:00,-15.637124223921019
2024-05-31 15:00:00+00:00,-17.604882446939047
2024-05-31 16:00:00+00:00,-16.610030587314625
2024-05-31 17:00:00+00:00,-18.814002132242695
2024-05-31 18:00:00+00:00,-13.86989188833296
2024-05-31 19:00:00+00:00,-22.404773068112178
2024-05-31 20:00:00+00:00,-17.119017853070446
2024-05-31 21:00:00+00:00,-19.69144980344186
2024-05-31 22:00:00+00:00,-16.02670995211944
2024-05-31 23:00:00+00:00,-15.4749383967978
2024-06-01 00:00:00+00:00,-19.75458005290455
2024-06-01 01:00:00+00:00,-18.396831880477755
2024-06-01 02:00:00+00:00,-22.13439451371054
2024-06-01 03:00:00+00:00,-27.0740213359302
2024-06-01 04:00:00+00:00,-31.347276486925704
2024-06-01 05:00:00+00:00,-34.17199155883067
2024-06-01 06:00:00+00:00,-31.558544014384598
2024-06-01 07:00:00+00:00,-33.155739682112134
2024-06-01 08:00:00+00:00,-37.106453638998005
2024-06-01 09:00:00+00:00,-34.93628564485125
2024-06-01 10:00:00+00:00,-41.69697007903524
2024-06-01 11:00:00+00:00,-35.81903697546687
2024-06-01 12:00:00+00:00,-37.91147201851921
2024-06-01 13:00:00+00:00,-37.45792672636474
2024-06-01 14:00:00+00:00,-39.35424645828246
2024-06-01 15:00:00+00:00,-36.84181961364511
2024-06-01 16:00:00+00:00,-31.959591043912628
2024-06-01 17:00:00+00:00,-17.72058307702216
2024-06-01 18:00:00+00:00,-21.29638738034046
2024-06-01 19:00:00+00:00,-21.80412441711726
2024-06-01 20:00:00+00:00,-20.12405490549992
2024-06-01 21:00:00+00:00,-15.368738196135174
2024-06-01 22:00:00+00:00,-13.750952248794668
2024-06-01 23:00:00+00:00,-16.565915636633363
2024-06-02 00:00:00+00:00,-12.390135453285854
2024-06-02 01:00:00+00:00,-15.703125971530062
2024-06-02 02:00:00+00:00,-16.104719037747802
2024-06-02 03:00:00+00:00,-18.479158110312856
2024-06-02 04:00:00+00:00,-19.741277949025793
2024-06-02 05:00:00+00:00,-15.790889719001058
2024-06-02 06:00:00+00:00,-17.759785101646155
2024-06-02 07:00:00+00:00,-21.165087344304716
2024-06-02 08:00:00+00:00,-22.646544739861938
2024-06-02 09:00:00+00:00,-20.449740986538025
2024-06-02 10:00:00+00:00,-22.35201331855
2024-06-02 11:00:00+00:00,-19.13762231182113
2024-06-02 12:00:00+00:00,-19.91874397741236
2024-06-02 13:00:00+00:00,-14.36776185342158
2024-06-02 14:00:00+00:00,-19.840864292954887
2024-06-02 15:00:00+00:00,-20.891649992286847
2024-06-02 16:00:00+00:00,-16.792642967028204
2024-06-02 17:00:00+00:00,-19.656259248438168
2024-06-02 18:00:00+00:00,-17.881823848065586
2024-06-02 19:00:00+00:00,-20.836094536619044
2024-06-02 20:00:00+00:00,-22.15370581116327
2024-06-02 21:00:00+00:00,-32.81585754939952
2024-06-02 22:00:00+00:00,-40.48594669234938
2024-06-02 23:00:00+00:00,-31.33735557515996
2024-06-03 00:00:00+00:00,-16.343577766527577
2024-06-03 01:00:00+00:00,-16.602436364610124
2024-06-03 02:00:00+00:00,-24.05779914495816
2024-06-03 03:00:00+00:00,-15.703004789503343
2024-06-03 04:00:00+00:00,-22.200040317427973
2024-06-03 05:00:00+00:00,-19.86018217951009
2024-06-03 06:00:00+00:00,-26.064330881355097
2024-06-03 07:00:00+00:00,-24.288319913450383
2024-06-03 08:00:00+00:00,-28.000398364456004
2024-06-03 09:00:00+00:00,-30.467640563484807
2024-06-03 10:00:00+00:00,-34.26804896229874
2024-06-03 11:00:00+00:00,-29.597614310030426
2024-06-03 12:00:00+00:00,-24.511757666292205
2024-06-03 13:00:00+00:00,-19.894365273811797
2024-06-03 14:00:00+00:00,-18.929613941236525
2024-06-03 15:00:00+00:00,-17.2535765620673
2024-06-03 16:00:00+00:00,-13.241868988784711
2024-06-03 17:00:00+00:00,-14.990953770011442
2024-06-03 18:00:00+00:00,-14.062302189245896
2024-06-03 19:00:00+00:00,-15.99850978948854
2024-06-03 20:00:00+00:00,-10.687060125699405
2024-06-03 21:00:00+00:00,-10.869359765959151
2024-06-03 22:00:00+00:00,-9.37472711597453
2024-06-03 23:00:00+00:00,-7.758661853872851
2024-06-04 00:00:00+00:00,-11.192714057584954
2024-06-04 01:00:00+00:00,-11.472412274224173
2024-06-04 02:00:00+00:00,-13.938727612993091
2024-06-04 03:00:00+00:00,-7.584887688992706
2024-06-04 04:00:00+00:00,-10.960617386974958
2024-06-04 05:00:00+00:00,-9.732777717797887
2024-06-04 06:00:00+00:00,-8.096128237969706
2024-06-04 07:00:00+00:00,-9.54018650711178
2024-06-04 08:00:00+00:00,-10.508493439200615
2024-06-04 09:00:00+00:00,-7.90251566835377
2024-06-04 10:00:00+00:00,-6.995338263400756
2024-06-04 11:00:00+00:00,-9.576397198724969
2024-06-04 12:00:00+00:00,-9.572917156468595
2024-06-04 13:00:00+00:00,-14.808661990646034
2024-06-04 14:00:00+00:00,-16.96320404072601
2024-06-04 15:00:00+00:00,-6.163162689671908
2024-06-04 16:00:00+00:00,-11.785808376650861
2024-06-04 17:00:00+00:00,-10.942504685740841
2024-06-04 18:00:00+00:00,-12.644695100776621
2024-06-04 19:00:00+00:00,-14.213525940148278
2024-06-04 20:00:00+00:00,-16.40852269357683
2024-06-04 21:00:00+00:00,-12.708966804582595
2024-06-04 22:00:00+00:00,-18.75373718835048
2024-06-04 23:00:00+00:00,-20.169671572662104
2024-06-05 00:00:00+00:00,-10.894796902714578
2024-06-05 01:00:00+00:00,-7.931266053023871
2024-06-05 02:00:00+00:00,-9.010443895349393
2024-06-05 03:00:00+00:00,-4.204986437744424
2024-06-05 04:00:00+00:00,-8.361426820909655
2024-06-05 05:00:00+00:00,-15.393860959130828
2024-06-05 06:00:00+00:00,-11.764325503312818
2024-06-05 07:00:00+00:00,-12.815604678625014
2024-06-05 08:00:00+00:00,-8.73796671386945
2024-06-05 09:00:00+00:00,-12.83490828461804
2024-06-05 10:00:00+00:00,-10.022202602885667
2024-06-05 11:00:00+00:00,-6.819843482299369
2024-06-05 12:00:00+00:00,-5.059505553666496
2024-06-05 13:00:00+00:00,-6.660320062293975
2024-06-05 14:00:00+00:00,-5.4817221764419
2024-06-05 15:00:00+00:00,-3.4576613590731475
2024-06-05 16:00:00+00:00,-2.864910827335001
2024-06-05 17:00:00+00:00,-7.911859664353324
2024-06-05 18:00:00+00:00,-8.083283539058211
2024-06-05 19:00:00+00:00,-3.456717923133479
2024-06-05 20:00:00+00:00,-6.048924252388329
2024-06-05 21:00:00+00:00,-7.344442684000339
2024-06-05 22:00:00+00:00,-8.815622303924785
2024-06-05 23:00:00+00:00,-5.112911921277662
