datetime,dst_pred,dst_true
2024-04-15 00:00:00+00:00,-34.51282216207207,-25.0
2024-04-15 01:00:00+00:00,-33.81609668471306,-29.0
2024-04-15 02:00:00+00:00,-39.97056518255011,-26.0
2024-04-15 03:00:00+00:00,-39.90727391308357,-22.0
2024-04-15 04:00:00+00:00,-30.65915412095061,-28.0
2024-04-15 05:00:00+00:00,-28.54394652266661,-32.0
2024-04-15 06:00:00+00:00,-30.02925840348162,-34.0
2024-04-15 07:00:00+00:00,-25.198810273826215,-28.0
2024-04-15 08:00:00+00:00,-22.439897608691652,-28.0
2024-04-15 09:00:00+00:00,-31.14103681253083,-32.0
2024-04-15 10:00:00+00:00,-36.04019391899164,-43.0
2024-04-15 11:00:00+00:00,-33.274964581410224,-55.0
2024-04-15 12:00:00+00:00,-35.258384904160565,-51.0
2024-04-15 13:00:00+00:00,-36.08689929120233,-42.0
2024-04-15 14:00:00+00:00,-29.987272665799157,-35.0
2024-04-15 15:00:00+00:00,-36.87018714532016,-41.0
2024-04-15 16:00:00+00:00,-38.514301688066624,-45.0
2024-04-15 17:00:00+00:00,-38.04199256461678,-55.0
2024-04-15 18:00:00+00:00,-35.787939756413984,-54.0
2024-04-15 19:00:00+00:00,-40.413713424905886,-57.0
2024-04-15 20:00:00+00:00,-40.75414958948044,-61.0
2024-04-15 21:00:00+00:00,-38.93630722726333,-65.0
2024-04-15 22:00:00+00:00,-36.44244913054794,-59.0
2024-04-15 23:00:00+00:00,-38.50466420230341,-59.0
2024-04-16 00:00:00+00:00,-38.70988373625687,-49.0
2024-04-16 01:00:00+00:00,-32.23729036149647,-39.0
2024-04-16 02:00:00+00:00,-34.87051567613481,-36.0
2024-04-16 03:00:00+00:00,-31.075143756217713,-29.0
2024-04-16 04:00:00+00:00,-32.55384644844526,-25.0
2024-04-16 05:00:00+00:00,-30.677156995224795,-22.0
2024-04-16 06:00:00+00:00,-27.249622606064165,-19.0
2024-04-16 07:00:00+00:00,-25.796850757715575,-14.0
2024-04-16 08:00:00+00:00,-26.2726241753047,-15.0
2024-04-16 09:00:00+00:00,-20.614655327952995,-15.0
2024-04-16 10:00:00+00:00,-24.658738027956563,-24.0
2024-04-16 11:00:00+00:00,-26.101063061721465,-27.0
2024-04-16 12:00:00+00:00,-29.159349219656015,-26.0
2024-04-16 13:00:00+00:00,-32.216018910001374,-28.0
2024-04-16 14:00:00+00:00,-29.35163158318274,-31.0
2024-04-16 15:00:00+00:00,-35.10179222219975,-36.0
2024-04-16 16:00:00+00:00,-29.49706798057278,-40.0
2024-04-16 17:00:00+00:00,-25.52967123483596,-41.0
2024-04-16 18:00:00+00:00,-17.101667828490772,-36.0
2024-04-16 19:00:00+00:00,-26.280381906444294,-31.0
2024-04-16 20:00:00+00:00,-25.98847013291784,-25.0
2024-04-16 21:00:00+00:00,-21.825176876757713,-19.0
2024-04-16 22:00:00+00:00,-18.36343837275338,-16.0
2024-04-16 23:00:00+00:00,-23.31626774372959,-13.0
2024-04-17 00:00:00+00:00,-23.18544118418863,-11.0
2024-04-17 01:00:00+00:00,-22.143744003051484,-13.0
2024-04-17 02:00:00+00:00,-24.243581934729445,-12.0
2024-04-17 03:00:00+00:00,-24.64271091317677,-10.0
2024-04-17 04:00:00+00:00,-25.833079612891837,-5.0
2024-04-17 05:00:00+00:00,-22.222234066716624,-4.0
2024-04-17 06:00:00+00:00,-24.361669383274833,-4.0
2024-04-17 07:00:00+00:00,-17.76952114304711,-2.0
2024-04-17 08:00:00+00:00,-22.314822209735553,-1.0
2024-04-17 09:00:00+00:00,-19.119814131148907,-3.0
2024-04-17 10:00:00+00:00,-22.271041446576902,-5.0
2024-04-17 11:00:00+00:00,-28.79449185096113,-4.0
2024-04-17 12:00:00+00:00,-22.00370571716386,-3.0
2024-04-17 13:00:00+00:00,-17.957671118481755,-1.0
2024-04-17 14:00:00+00:00,-14.568629347041874,0.0
2024-04-17 15:00:00+00:00,-13.726673961300058,-3.0
2024-04-17 16:00:00+00:00,-12.445691934066122,-3.0
2024-04-17 17:00:00+00:00,-11.774671501424303,-2.0
2024-04-17 18:00:00+00:00,-8.716333985096245,0.0
2024-04-17 19:00:00+00:00,-10.60983848440895,0.0
2024-04-17 20:00:00+00:00,-11.619483099972406,1.0
2024-04-17 21:00:00+00:00,-15.369983213721088,2.0
2024-04-17 22:00:00+00:00,-15.338396865933076,8.0
2024-04-17 23:00:00+00:00,-15.52401069694943,9.0
2024-04-18 00:00:00+00:00,-13.85865247778153,10.0
2024-04-18 01:00:00+00:00,-20.526687400874557,8.0
2024-04-18 02:00:00+00:00,-15.201905612650435,3.0
2024-04-18 03:00:00+00:00,-17.29192183358404,3.0
2024-04-18 04:00:00+00:00,-17.752209667118034,1.0
2024-04-18 05:00:00+00:00,-16.8147154239722,1.0
2024-04-18 06:00:00+00:00,-34.11222091560981,8.0
2024-04-18 07:00:00+00:00,-39.78648168804071,-10.0
2024-04-18 08:00:00+00:00,-39.02609452606836,-26.0
2024-04-18 09:00:00+00:00,-33.49226642895,-31.0
2024-04-18 10:00:00+00:00,-29.4953171091435,-42.0
2024-04-18 11:00:00+00:00,-29.988291443267833,-37.0
2024-04-18 12:00:00+00:00,-36.783747314721424,-33.0
2024-04-18 13:00:00+00:00,-29.81737246111721,-37.0
2024-04-18 14:00:00+00:00,-37.53972397811445,-44.0
2024-04-18 15:00:00+00:00,-33.140389177350656,-55.0
2024-04-18 16:00:00+00:00,-36.93393174397289,-69.0
2024-04-18 17:00:00+00:00,-41.1316689368455,-88.0
2024-04-18 18:00:00+00:00,-41.94163548035003,-103.0
2024-04-18 19:00:00+00:00,-39.09368063757597,-117.0
2024-04-18 20:00:00+00:00,-38.91744840010879,-100.0
2024-04-18 21:00:00+00:00,-44.36023936927109,-99.0
2024-04-18 22:00:00+00:00,-46.85381165994164,-92.0
2024-04-18 23:00:00+00:00,-44.9314202864499,-83.0
2024-04-19 00:00:00+00:00,-47.020386206630825,-68.0
2024-04-19 01:00:00+00:00,-43.675757392038086,-63.0
2024-04-19 02:00:00+00:00,-40.796885351963724,-66.0
2024-04-19 03:00:00+00:00,-40.35360475835601,-68.0
2024-04-19 04:00:00+00:00,-40.788093539272,-66.0
2024-04-19 05:00:00+00:00,-38.32512421226817,-67.0
2024-04-19 06:00:00+00:00,-40.88565127345628,-65.0
2024-04-19 07:00:00+00:00,-38.25538764753611,-59.0
2024-04-19 08:00:00+00:00,-33.12169670903518,-55.0
2024-04-19 09:00:00+00:00,-30.673860483935034,-59.0
2024-04-19 10:00:00+00:00,-28.86624582474926,-53.0
2024-04-19 11:00:00+00:00,-28.26827543702296,-49.0
2024-04-19 12:00:00+00:00,-22.694102500444927,-49.0
2024-04-19 13:00:00+00:00,-24.939626370580395,-49.0
2024-04-19 14:00:00+00:00,-26.981610867884218,-53.0
2024-04-19 15:00:00+00:00,-30.468678486195465,-53.0
2024-04-19 16:00:00+00:00,-29.60731086943593,-50.0
2024-04-19 17:00:00+00:00,-29.776856348754933,-48.0
2024-04-19 18:00:00+00:00,-32.98711868997549,-49.0
2024-04-19 19:00:00+00:00,-28.691795212735098,-49.0
2024-04-19 20:00:00+00:00,-34.02479594000809,-47.0
2024-04-19 21:00:00+00:00,-33.140613540529834,-48.0
2024-04-19 22:00:00+00:00,-31.28533731246425,-45.0
2024-04-19 23:00:00+00:00,-37.56940397598509,-43.0
2024-04-20 00:00:00+00:00,-38.76734813905558,-39.0
2024-04-20 01:00:00+00:00,-38.37057303703645,-38.0
2024-04-20 02:00:00+00:00,-40.49082008594775,-41.0
2024-04-20 03:00:00+00:00,-39.7478180229369,-49.0
2024-04-20 04:00:00+00:00,-38.29094128185878,-44.0
2024-04-20 05:00:00+00:00,-38.209244512091864,-39.0
2024-04-20 06:00:00+00:00,-36.55152867451762,-44.0
2024-04-20 07:00:00+00:00,-35.529377639931774,-48.0
2024-04-20 08:00:00+00:00,-35.40169491124576,-55.0
2024-04-20 09:00:00+00:00,-37.79855711220684,-49.0
2024-04-20 10:00:00+00:00,-32.619097054623495,-39.0
2024-04-20 11:00:00+00:00,-32.021207825636566,-45.0
2024-04-20 12:00:00+00:00,-33.27515264410297,-46.0
2024-04-20 13:00:00+00:00,-35.29654451875704,-47.0
2024-04-20 14:00:00+00:00,-37.20624179926006,-53.0
2024-04-20 15:00:00+00:00,-36.46273937516615,-57.0
2024-04-20 16:00:00+00:00,-38.002165901316104,-53.0
2024-04-20 17:00:00+00:00,-37.30504547106862,-49.0
2024-04-20 18:00:00+00:00,-34.716348048949946,-50.0
2024-04-20 19:00:00+00:00,-37.460390767432344,-59.0
2024-04-20 20:00:00+00:00,-39.87264805834909,-65.0
2024-04-20 21:00:00+00:00,-40.00180155384559,-61.0
2024-04-20 22:00:00+00:00,-37.88218004790559,-58.0
2024-04-20 23:00:00+00:00,-34.40995957160172,-52.0
2024-04-21 00:00:00+00:00,-29.510806280283667,-46.0
2024-04-21 01:00:00+00:00,-33.11448083091777,-44.0
2024-04-21 02:00:00+00:00,-30.813234150763993,-39.0
2024-04-21 03:00:00+00:00,-23.908018050631956,-36.0
2024-04-21 04:00:00+00:00,-23.550894472231764,-32.0
2024-04-21 05:00:00+00:00,-24.247813691972862,-36.0
2024-04-21 06:00:00+00:00,-25.511802253105213,-39.0
2024-04-21 07:00:00+00:00,-29.06446061690038,-37.0
2024-04-21 08:00:00+00:00,-23.658018177252128,-26.0
2024-04-21 09:00:00+00:00,-21.799949926880746,-24.0
2024-04-21 10:00:00+00:00,-21.492326940071628,-26.0
2024-04-21 11:00:00+00:00,-17.735547661125285,-27.0
2024-04-21 12:00:00+00:00,-15.314336093740234,-26.0
2024-04-21 13:00:00+00:00,-21.058947132000764,-27.0
2024-04-21 14:00:00+00:00,-16.32808232062089,-25.0
2024-04-21 15:00:00+00:00,-15.875115380516489,-26.0
2024-04-21 16:00:00+00:00,-13.25119951982055,-25.0
2024-04-21 17:00:00+00:00,-11.161268873730434,-25.0
2024-04-21 18:00:00+00:00,-10.867755704429047,-23.0
2024-04-21 19:00:00+00:00,-18.047520296890855,-23.0
2024-04-21 20:00:00+00:00,-17.318045667838742,-25.0
2024-04-21 21:00:00+00:00,-15.720522428001562,-24.0
2024-04-21 22:00:00+00:00,-16.30124742664733,-23.0
2024-04-21 23:00:00+00:00,-14.61737016665834,-19.0
2024-04-22 00:00:00+00:00,-11.71322935431062,-18.0
2024-04-22 01:00:00+00:00,-15.896721255285604,-18.0
2024-04-22 02:00:00+00:00,-13.51146933244793,-18.0
2024-04-22 03:00:00+00:00,-13.682699478973275,-20.0
2024-04-22 04:00:00+00:00,-14.25129634262467,-18.0
2024-04-22 05:00:00+00:00,-12.549809220134852,-18.0
2024-04-22 06:00:00+00:00,-20.03177765702944,-20.0
2024-04-22 07:00:00+00:00,-22.167586650247436,-24.0
2024-04-22 08:00:00+00:00,-19.508900092960904,-20.0
2024-04-22 09:00:00+00:00,-25.072256842302682,-25.0
2024-04-22 10:00:00+00:00,-23.004623619023533,-30.0
2024-04-22 11:00:00+00:00,-23.54256684829605,-26.0
2024-04-22 12:00:00+00:00,-23.333974873036233,-23.0
2024-04-22 13:00:00+00:00,-23.358553948540507,-21.0
2024-04-22 14:00:00+00:00,-18.23188209970428,-18.0
2024-04-22 15:00:00+00:00,-15.596146642154238,-16.0
2024-04-22 16:00:00+00:00,-16.33356297799365,-12.0
2024-04-22 17:00:00+00:00,-11.783628882037345,-13.0
2024-04-22 18:00:00+00:00,-18.95204697331603,-13.0
2024-04-22 19:00:00+00:00,-20.89749798738843,-20.0
2024-04-22 20:00:00+00:00,-24.577534547581795,-21.0
2024-04-22 21:00:00+00:00,-20.93593373401048,-22.0
2024-04-22 22:00:00+00:00,-18.82561850149506,-24.0
2024-04-22 23:00:00+00:00,-20.563108932835863,-26.0
2024-04-23 00:00:00+00:00,-10.676482430745589,-19.0
2024-04-23 01:00:00+00:00,-11.206223550012377,-13.0
2024-04-23 02:00:00+00:00,-8.336366045293984,-12.0
2024-04-23 03:00:00+00:00,-9.189454109811253,-14.0
2024-04-23 04:00:00+00:00,-8.63504956474111,-13.0
2024-04-23 05:00:00+00:00,-9.933271627558822,-13.0
2024-04-23 06:00:00+00:00,-3.9303651535041313,-13.0
2024-04-23 07:00:00+00:00,-7.164900891940101,-10.0
2024-04-23 08:00:00+00:00,-10.864869742619856,-9.0
2024-04-23 09:00:00+00:00,-2.969863913626987,-6.0
2024-04-23 10:00:00+00:00,-12.819032816514143,-4.0
2024-04-23 11:00:00+00:00,-9.201882143184706,-5.0
2024-04-23 12:00:00+00:00,-5.86829328883103,-7.0
2024-04-23 13:00:00+00:00,-2.9767826841359057,-7.0
2024-04-23 14:00:00+00:00,-0.7404008891735027,-5.0
2024-04-23 15:00:00+00:00,-1.7672472329620892,-2.0
2024-04-23 16:00:00+00:00,-2.5856805822747786,-1.0
2024-04-23 17:00:00+00:00,-3.720549569911302,-2.0
2024-04-23 18:00:00+00:00,-3.6642898294435,-5.0
2024-04-23 19:00:00+00:00,-6.807600926620476,-7.0
2024-04-23 20:00:00+00:00,-10.963706575223329,-7.0
2024-04-23 21:00:00+00:00,-11.783264415084677,-6.0
2024-04-23 22:00:00+00:00,-8.208168592796918,-4.0
2024-04-23 23:00:00+00:00,-6.812554689735016,-3.0
2024-04-24 00:00:00+00:00,-6.776240118196207,-5.0
2024-04-24 01:00:00+00:00,-6.477547768831662,-4.0
2024-04-24 02:00:00+00:00,-6.9389607385904775,-2.0
2024-04-24 03:00:00+00:00,-4.334024429954434,0.0
2024-04-24 04:00:00+00:00,-8.52572948931987,2.0
2024-04-24 05:00:00+00:00,-10.290999680593089,2.0
2024-04-24 06:00:00+00:00,-6.944709494083466,-1.0
2024-04-24 07:00:00+00:00,-7.162918669481509,-1.0
2024-04-24 08:00:00+00:00,-5.421597660580544,2.0
2024-04-24 09:00:00+00:00,-1.8046904253985034,3.0
2024-04-24 10:00:00+00:00,-2.935560236976508,4.0
2024-04-24 11:00:00+00:00,-0.8176638673942278,5.0
2024-04-24 12:00:00+00:00,-1.5704342423557431,6.0
2024-04-24 13:00:00+00:00,-5.685500086384217,4.0
2024-04-24 14:00:00+00:00,-7.4903963099777195,0.0
2024-04-24 15:00:00+00:00,-8.849637494454507,-3.0
2024-04-24 16:00:00+00:00,-11.814285049190177,-4.0
2024-04-24 17:00:00+00:00,-9.602612970790888,-2.0
2024-04-24 18:00:00+00:00,-8.237833862086136,-2.0
2024-04-24 19:00:00+00:00,-6.6930785125350525,0.0
2024-04-24 20:00:00+00:00,-5.047985302450941,-3.0
2024-04-24 21:00:00+00:00,-7.268104681652025,-5.0
2024-04-24 22:00:00+00:00,-4.196465629805625,-6.0
2024-04-24 23:00:00+00:00,-6.409871949168235,-7.0
2024-04-25 00:00:00+00:00,-1.1034224249432683,-9.0
2024-04-25 01:00:00+00:00,0.6739844933777512,-8.0
2024-04-25 02:00:00+00:00,1.4344538779920804,-3.0
2024-04-25 03:00:00+00:00,2.9951047337717687,-2.0
2024-04-25 04:00:00+00:00,1.8394362095849754,-11.0
2024-04-25 05:00:00+00:00,-10.773223358241841,-18.0
2024-04-25 06:00:00+00:00,-15.430019867264235,-22.0
2024-04-25 07:00:00+00:00,-11.788826976971952,-24.0
2024-04-25 08:00:00+00:00,-15.999116360161688,-25.0
2024-04-25 09:00:00+00:00,-11.323179531869261,-27.0
2024-04-25 10:00:00+00:00,-15.921004434710767,-28.0
2024-04-25 11:00:00+00:00,-17.603368929582007,-31.0
2024-04-25 12:00:00+00:00,-17.865153594488323,-32.0
2024-04-25 13:00:00+00:00,-15.186704470677126,-32.0
2024-04-25 14:00:00+00:00,-15.905711480338185,-38.0
2024-04-25 15:00:00+00:00,-14.755228602478663,-41.0
2024-04-25 16:00:00+00:00,-13.661215918319444,-51.0
2024-04-25 17:00:00+00:00,-15.87538559925983,-48.0
2024-04-25 18:00:00+00:00,-17.010651533518757,-40.0
2024-04-25 19:00:00+00:00,-17.382738694357688,-38.0
2024-04-25 20:00:00+00:00,-20.114901584352285,-40.0
2024-04-25 21:00:00+00:00,-12.000367346483902,-39.0
2024-04-25 22:00:00+00:00,-15.94161611771161,-39.0
2024-04-25 23:00:00+00:00,-12.163877437283473,-42.0
2024-04-26 00:00:00+00:00,-12.88411391433321,-36.0
2024-04-26 01:00:00+00:00,-18.345551212343423,-28.0
2024-04-26 02:00:00+00:00,-16.729953831834507,-23.0
2024-04-26 03:00:00+00:00,-17.306335575500963,-24.0
2024-04-26 04:00:00+00:00,-19.704913698273657,-21.0
2024-04-26 05:00:00+00:00,-19.648086831925973,-23.0
2024-04-26 06:00:00+00:00,-20.518895667593224,-26.0
2024-04-26 07:00:00+00:00,-24.98307848756425,-21.0
2024-04-26 08:00:00+00:00,-27.048778118332848,-15.0
2024-04-26 09:00:00+00:00,-29.184928734481076,-13.0
2024-04-26 10:00:00+00:00,-25.310699072549276,-10.0
2024-04-26 11:00:00+00:00,-24.01716596589083,-9.0
2024-04-26 12:00:00+00:00,-19.789634495441806,-6.0
2024-04-26 13:00:00+00:00,-23.17682138081883,-11.0
2024-04-26 14:00:00+00:00,-22.23017425240546,-23.0
2024-04-26 15:00:00+00:00,-24.938771406622177,-18.0
2024-04-26 16:00:00+00:00,-27.730755579967326,-5.0
2024-04-26 17:00:00+00:00,-28.14963697689324,-6.0
2024-04-26 18:00:00+00:00,-29.167321074663313,-7.0
2024-04-26 19:00:00+00:00,-25.518171102581583,-10.0
2024-04-26 20:00:00+00:00,-28.393199347457454,-23.0
2024-04-26 21:00:00+00:00,-25.889132285811648,-35.0
2024-04-26 22:00:00+00:00,-25.20724957687854,-39.0
2024-04-26 23:00:00+00:00,-21.312645671044507,-38.0
2024-04-27 00:00:00+00:00,-19.75329958222702,-33.0
2024-04-27 01:00:00+00:00,-22.62234364936315,-39.0
2024-04-27 02:00:00+00:00,-16.091669049533046,-34.0
2024-04-27 03:00:00+00:00,-17.622757061272278,-32.0
2024-04-27 04:00:00+00:00,-18.870445725733436,-25.0
2024-04-27 05:00:00+00:00,-17.384098955080372,-22.0
2024-04-27 06:00:00+00:00,-23.955472424045595,-25.0
2024-04-27 07:00:00+00:00,-19.019554328042233,-20.0
2024-04-27 08:00:00+00:00,-13.296761264623695,-11.0
2024-04-27 09:00:00+00:00,-10.927632934478863,-9.0
2024-04-27 10:00:00+00:00,-15.928104459269212,-9.0
2024-04-27 11:00:00+00:00,-15.710865032468925,-9.0
2024-04-27 12:00:00+00:00,-16.508384701406772,-7.0
2024-04-27 13:00:00+00:00,-15.36418386638477,-8.0
2024-04-27 14:00:00+00:00,-16.537317338411544,-10.0
2024-04-27 15:00:00+00:00,-16.623428389114398,-8.0
2024-04-27 16:00:00+00:00,-10.679859455634809,-4.0
2024-04-27 17:00:00+00:00,-16.239013424660875,-3.0
2024-04-27 18:00:00+00:00,-15.269484083865581,-3.0
2024-04-27 19:00:00+00:00,-15.681147753427105,-3.0
2024-04-27 20:00:00+00:00,-16.778067584623233,-3.0
2024-04-27 21:00:00+00:00,-17.84017704912697,-5.0
2024-04-27 22:00:00+00:00,-12.153097238002923,-3.0
2024-04-27 23:00:00+00:00,-13.528302393324692,-1.0
2024-04-28 00:00:00+00:00,-9.003050217957284,-1.0
2024-04-28 01:00:00+00:00,-11.993722127295596,-3.0
2024-04-28 02:00:00+00:00,-11.311567154950716,-1.0
2024-04-28 03:00:00+00:00,-11.066149538848519,-3.0
2024-04-28 04:00:00+00:00,-9.133760168777746,-4.0
2024-04-28 05:00:00+00:00,-12.657081884499501,-7.0
2024-04-28 06:00:00+00:00,-13.068949695705955,-10.0
2024-04-28 07:00:00+00:00,-10.132994438465213,-4.0
2024-04-28 08:00:00+00:00,-6.003813611160614,2.0
2024-04-28 09:00:00+00:00,-4.845937869405972,3.0
2024-04-28 10:00:00+00:00,-5.47754092762703,4.0
2024-04-28 11:00:00+00:00,-6.430646262164501,5.0
2024-04-28 12:00:00+00:00,-7.089072714813968,4.0
2024-04-28 13:00:00+00:00,-4.822065792392399,3.0
2024-04-28 14:00:00+00:00,-7.1370353228154535,1.0
2024-04-28 15:00:00+00:00,-5.727488345961773,1.0
2024-04-28 16:00:00+00:00,-4.7157202856088345,2.0
2024-04-28 17:00:00+00:00,-5.463510485611072,1.0
2024-04-28 18:00:00+00:00,-6.113612799961887,6.0
2024-04-28 19:00:00+00:00,-2.7700690558274723,14.0
2024-04-28 20:00:00+00:00,0.7008654533950619,14.0
2024-04-28 21:00:00+00:00,-6.131719788312171,13.0
2024-04-28 22:00:00+00:00,-6.962018652897425,11.0
2024-04-28 23:00:00+00:00,-7.436899754320593,5.0
2024-04-29 00:00:00+00:00,-4.8412554824646765,12.0
2024-04-29 01:00:00+00:00,-9.772937155073103,14.0
2024-04-29 02:00:00+00:00,-13.554515800556276,10.0
2024-04-29 03:00:00+00:00,-7.042699803120905,9.0
2024-04-29 04:00:00+00:00,-8.069899861748329,7.0
2024-04-29 05:00:00+00:00,-5.747169210793505,1.0
2024-04-29 06:00:00+00:00,-5.470063854593749,0.0
2024-04-29 07:00:00+00:00,-0.6900130065507144,2.0
2024-04-29 08:00:00+00:00,-2.1875601397311737,5.0
2024-04-29 09:00:00+00:00,-0.30515353263411926,6.0
2024-04-29 10:00:00+00:00,-2.5564210716786557,7.0
2024-04-29 11:00:00+00:00,-0.9465952063132551,7.0
2024-04-29 12:00:00+00:00,-14.390535610014485,19.0
2024-04-29 13:00:00+00:00,-14.196527307006864,33.0
2024-04-29 14:00:00+00:00,-25.389860426927054,34.0
2024-04-29 15:00:00+00:00,-19.542624150630882,25.0
2024-04-29 16:00:00+00:00,-15.011710182287482,11.0
2024-04-29 17:00:00+00:00,-12.477582353403998,-2.0
2024-04-29 18:00:00+00:00,-9.218756293002167,-10.0
2024-04-29 19:00:00+00:00,-8.152438718797198,-9.0
2024-04-29 20:00:00+00:00,-14.263676395389918,-6.0
2024-04-29 21:00:00+00:00,-25.443584248699143,-7.0
2024-04-29 22:00:00+00:00,-12.539956426992685,-7.0
2024-04-29 23:00:00+00:00,-10.928770326187655,-17.0
2024-04-30 00:00:00+00:00,-14.140184284410532,-19.0
2024-04-30 01:00:00+00:00,-11.672781543493702,-26.0
2024-04-30 02:00:00+00:00,-13.086107358940946,-21.0
2024-04-30 03:00:00+00:00,-19.924541583084864,-7.0
2024-04-30 04:00:00+00:00,-14.830701612641148,-5.0
2024-04-30 05:00:00+00:00,-29.282899355733946,-3.0
2024-04-30 06:00:00+00:00,-23.159387122748218,-5.0
2024-04-30 07:00:00+00:00,-17.95892821464824,-4.0
2024-04-30 08:00:00+00:00,-15.637027001306262,-2.0
2024-04-30 09:00:00+00:00,-20.653218872012392,0.0
2024-04-30 10:00:00+00:00,-30.25712574484509,-3.0
2024-04-30 11:00:00+00:00,-22.910950599532548,-4.0
2024-04-30 12:00:00+00:00,-25.594978180817478,-6.0
2024-04-30 13:00:00+00:00,-12.665947866788306,-5.0
2024-04-30 14:00:00+00:00,-14.02512223021968,-4.0
2024-04-30 15:00:00+00:00,-20.77620910122446,1.0
2024-04-30 16:00:00+00:00,-28.366750231240513,3.0
2024-04-30 17:00:00+00:00,-38.14720137825438,6.0
2024-04-30 18:00:00+00:00,-42.338948967889685,1.0
2024-04-30 19:00:00+00:00,-34.5146241673465,5.0
2024-04-30 20:00:00+00:00,-28.629029468732234,12.0
2024-04-30 21:00:00+00:00,-30.04487086092097,11.0
2024-04-30 22:00:00+00:00,-24.3708349117723,13.0
2024-04-30 23:00:00+00:00,-13.141306811726599,10.0
2024-05-01 00:00:00+00:00,-24.82832158298907,7.0
2024-05-01 01:00:00+00:00,-17.5528120435985,5.0
2024-05-01 02:00:00+00:00,-19.114917252380977,12.0
2024-05-01 03:00:00+00:00,-11.735819328540014,13.0
2024-05-01 04:00:00+00:00,-17.306977260179274,13.0
2024-05-01 05:00:00+00:00,-8.350384153175062,13.0
2024-05-01 06:00:00+00:00,-8.574009903295453,8.0
2024-05-01 07:00:00+00:00,-8.884279291430326,6.0
2024-05-01 08:00:00+00:00,-2.8092687203509645,10.0
2024-05-01 09:00:00+00:00,-8.510728970321306,16.0
2024-05-01 10:00:00+00:00,-15.124436093304697,13.0
2024-05-01 11:00:00+00:00,-11.481251166874038,3.0
2024-05-01 12:00:00+00:00,-15.342489602679635,-3.0
2024-05-01 13:00:00+00:00,-8.939276753896145,-11.0
2024-05-01 14:00:00+00:00,-9.320778770846026,-11.0
2024-05-01 15:00:00+00:00,-10.01101598930046,-43.0
2024-05-01 16:00:00+00:00,-12.124534289978346,-71.0
2024-05-01 17:00:00+00:00,-21.848417958552357,-70.0
2024-05-01 18:00:00+00:00,-23.49531126157692,-82.0
2024-05-01 19:00:00+00:00,-16.64444228423732,-89.0
2024-05-01 20:00:00+00:00,-18.535509822455907,-88.0
2024-05-01 21:00:00+00:00,-18.663879858161582,-67.0
2024-05-01 22:00:00+00:00,-20.491929435825632,-44.0
2024-05-01 23:00:00+00:00,-20.608944745716766,-53.0
2024-05-02 00:00:00+00:00,-20.508419688312518,-55.0
2024-05-02 01:00:00+00:00,-19.840120828606345,-53.0
2024-05-02 02:00:00+00:00,-22.817019696361413,-47.0
2024-05-02 03:00:00+00:00,-27.36386881928667,-54.0
2024-05-02 04:00:00+00:00,-26.828406173020024,-51.0
2024-05-02 05:00:00+00:00,-24.974175684483363,-49.0
2024-05-02 06:00:00+00:00,-17.36740597248556,-47.0
2024-05-02 07:00:00+00:00,-24.814851523431933,-44.0
2024-05-02 08:00:00+00:00,-31.923984145730806,-38.0
2024-05-02 09:00:00+00:00,-25.754004099328245,-36.0
2024-05-02 10:00:00+00:00,-24.262501593725457,-33.0
2024-05-02 11:00:00+00:00,-20.555348626565337,-32.0
2024-05-02 12:00:00+00:00,-17.620172700151887,-31.0
2024-05-02 13:00:00+00:00,-14.171019534421605,-29.0
2024-05-02 14:00:00+00:00,-19.224307578372173,-30.0
2024-05-02 15:00:00+00:00,-21.93535104325539,-27.0
2024-05-02 16:00:00+00:00,-23.53926164408055,-27.0
2024-05-02 17:00:00+00:00,-21.097363860306174,-29.0
2024-05-02 18:00:00+00:00,-13.038059697954758,-30.0
2024-05-02 19:00:00+00:00,-14.525074568530275,-32.0
2024-05-02 20:00:00+00:00,-13.85987261390749,-28.0
2024-05-02 21:00:00+00:00,-13.108301877583234,-22.0
2024-05-02 22:00:00+00:00,-9.169540795399904,-17.0
2024-05-02 23:00:00+00:00,-11.139903752285024,-17.0
2024-05-03 00:00:00+00:00,-11.919141931051316,-18.0
2024-05-03 01:00:00+00:00,-11.912715711713412,-18.0
2024-05-03 02:00:00+00:00,-13.10537980304186,-17.0
2024-05-03 03:00:00+00:00,-11.623421044759487,-13.0
2024-05-03 04:00:00+00:00,-12.756437766394297,-10.0
2024-05-03 05:00:00+00:00,-10.49536641370877,-8.0
2024-05-03 06:00:00+00:00,-10.232478676031848,-7.0
2024-05-03 07:00:00+00:00,-16.390568599256678,-8.0
2024-05-03 08:00:00+00:00,-13.567485014280543,-9.0
2024-05-03 09:00:00+00:00,-12.63502863503641,-10.0
2024-05-03 10:00:00+00:00,-12.120785723145378,-10.0
2024-05-03 11:00:00+00:00,-15.90591705085303,-9.0
2024-05-03 12:00:00+00:00,-14.485971638147223,-9.0
2024-05-03 13:00:00+00:00,-11.66177185299391,-11.0
2024-05-03 14:00:00+00:00,-12.573707256738249,-11.0
2024-05-03 15:00:00+00:00,-11.929989246574307,-12.0
2024-05-03 16:00:00+00:00,-14.11715018164661,-12.0
2024-05-03 17:00:00+00:00,-15.738398577416174,-10.0
2024-05-03 18:00:00+00:00,-16.1933157654441,-9.0
2024-05-03 19:00:00+00:00,-17.29711776116447,-8.0
2024-05-03 20:00:00+00:00,-16.384120285060327,-9.0
2024-05-03 21:00:00+00:00,-16.9636975910015,-8.0
2024-05-03 22:00:00+00:00,-18.713638812282763,-3.0
2024-05-03 23:00:00+00:00,-20.816405907327916,2.0
2024-05-04 00:00:00+00:00,-12.576841089522398,4.0
2024-05-04 01:00:00+00:00,-18.228385750699502,2.0
2024-05-04 02:00:00+00:00,-14.199755750306158,3.0
2024-05-04 03:00:00+00:00,-12.423522105078451,0.0
2024-05-04 04:00:00+00:00,-13.716135556223943,-5.0
2024-05-04 05:00:00+00:00,-13.612545405426676,-7.0
2024-05-04 06:00:00+00:00,-13.720569300553349,-5.0
2024-05-04 07:00:00+00:00,-16.25857484915906,2.0
2024-05-04 08:00:00+00:00,-20.353327694547858,7.0
2024-05-04 09:00:00+00:00,-18.66827275454032,6.0
2024-05-04 10:00:00+00:00,-10.010025716851699,8.0
2024-05-04 11:00:00+00:00,-11.453485292609491,13.0
2024-05-04 12:00:00+00:00,-15.503571990295553,18.0
2024-05-04 13:00:00+00:00,-11.675068400065717,19.0
2024-05-04 14:00:00+00:00,-13.990603712580292,22.0
2024-05-04 15:00:00+00:00,-20.6507499416316,22.0
2024-05-04 16:00:00+00:00,-16.02578635122744,18.0
2024-05-04 17:00:00+00:00,-17.992882272011112,15.0
2024-05-04 18:00:00+00:00,-25.28324931261141,14.0
2024-05-04 19:00:00+00:00,-23.97075541084218,10.0
2024-05-04 20:00:00+00:00,-36.902860943228525,-1.0
2024-05-04 21:00:00+00:00,-34.390762361847734,-18.0
2024-05-04 22:00:00+00:00,-35.57539070715096,-33.0
2024-05-04 23:00:00+00:00,-31.467842863663993,-39.0
2024-05-05 00:00:00+00:00,-29.85565213227336,-33.0
2024-05-05 01:00:00+00:00,-19.778842298877382,-43.0
2024-05-05 02:00:00+00:00,-24.378724714377242,-35.0
2024-05-05 03:00:00+00:00,-23.97037454901142,-34.0
2024-05-05 04:00:00+00:00,-31.01037931457563,-33.0
2024-05-05 05:00:00+00:00,-29.018360994938877,-27.0
2024-05-05 06:00:00+00:00,-29.816281617630807,-17.0
2024-05-05 07:00:00+00:00,-28.209298862384756,-17.0
2024-05-05 08:00:00+00:00,-23.31798910437785,-9.0
2024-05-05 09:00:00+00:00,-18.1796665027689,-6.0
2024-05-05 10:00:00+00:00,-23.521430722727168,-3.0
2024-05-05 11:00:00+00:00,-33.44427882560465,-4.0
2024-05-05 12:00:00+00:00,-42.57515934484062,-1.0
2024-05-05 13:00:00+00:00,-34.85722057433491,1.0
2024-05-05 14:00:00+00:00,-33.88290183349609,-3.0
2024-05-05 15:00:00+00:00,-35.30353891861075,1.0
2024-05-05 16:00:00+00:00,-29.687216248826985,-4.0
2024-05-05 17:00:00+00:00,-26.7597509142015,-9.0
2024-05-05 18:00:00+00:00,-23.051702538400107,-12.0
2024-05-05 19:00:00+00:00,-32.608755644307415,-13.0
2024-05-05 20:00:00+00:00,-25.360760887522726,-13.0
2024-05-05 21:00:00+00:00,-23.228710788356548,-10.0
2024-05-05 22:00:00+00:00,-19.003420298768255,-8.0
2024-05-05 23:00:00+00:00,-16.902730368429253,-5.0
2024-05-06 00:00:00+00:00,-13.283320932122546,-6.0
2024-05-06 01:00:00+00:00,-14.589610545298262,-6.0
2024-05-06 02:00:00+00:00,-15.787995151048117,-4.0
2024-05-06 03:00:00+00:00,-16.6316568744748,-7.0
2024-05-06 04:00:00+00:00,-13.268488275079138,-7.0
2024-05-06 05:00:00+00:00,-12.750879622954281,-3.0
2024-05-06 06:00:00+00:00,-7.464896945640653,2.0
2024-05-06 07:00:00+00:00,-4.602944613307417,6.0
2024-05-06 08:00:00+00:00,-6.271036461297249,4.0
2024-05-06 09:00:00+00:00,-6.435592579523591,1.0
2024-05-06 10:00:00+00:00,-8.822823627960728,-1.0
2024-05-06 11:00:00+00:00,-8.66628074300482,-4.0
2024-05-06 12:00:00+00:00,-8.750622731519009,-6.0
2024-05-06 13:00:00+00:00,-6.411421305644696,-7.0
2024-05-06 14:00:00+00:00,-12.808406291622598,-8.0
2024-05-06 15:00:00+00:00,-8.115963507711959,-8.0
2024-05-06 16:00:00+00:00,-10.97797590986825,-10.0
2024-05-06 17:00:00+00:00,-13.672584056251917,-15.0
2024-05-06 18:00:00+00:00,-9.650895725270775,-12.0
2024-05-06 19:00:00+00:00,-7.2833982192494675,-8.0
2024-05-06 20:00:00+00:00,-4.9673097520126275,-2.0
2024-05-06 21:00:00+00:00,-4.720309822803066,1.0
2024-05-06 22:00:00+00:00,-3.170411168342024,5.0
2024-05-06 23:00:00+00:00,-4.871462562722876,4.0
2024-05-07 00:00:00+00:00,-6.066108829828556,3.0
2024-05-07 01:00:00+00:00,-7.282643030419573,5.0
2024-05-07 02:00:00+00:00,-4.842362196519781,7.0
2024-05-07 03:00:00+00:00,-5.508240471221457,5.0
2024-05-07 04:00:00+00:00,-7.891974281071264,6.0
2024-05-07 05:00:00+00:00,-5.128397593990625,9.0
2024-05-07 06:00:00+00:00,-5.5458061992234065,9.0
2024-05-07 07:00:00+00:00,-5.5962846582584325,9.0
2024-05-07 08:00:00+00:00,-9.035107513053774,8.0
2024-05-07 09:00:00+00:00,-8.378077548251559,9.0
2024-05-07 10:00:00+00:00,-7.9990560261124815,7.0
2024-05-07 11:00:00+00:00,-7.252790703913835,7.0
2024-05-07 12:00:00+00:00,-10.027848562703394,6.0
2024-05-07 13:00:00+00:00,-5.870037162365965,4.0
2024-05-07 14:00:00+00:00,-8.553986781429145,6.0
2024-05-07 15:00:00+00:00,-7.76728949486774,5.0
2024-05-07 16:00:00+00:00,-9.52354331699038,5.0
2024-05-07 17:00:00+00:00,-11.283873879642828,3.0
2024-05-07 18:00:00+00:00,-8.841399095813662,3.0
2024-05-07 19:00:00+00:00,-6.982492414814966,5.0
2024-05-07 20:00:00+00:00,-6.2695578953037785,7.0
2024-05-07 21:00:00+00:00,-4.992288399076175,11.0
2024-05-07 22:00:00+00:00,-6.880409467943224,15.0
2024-05-07 23:00:00+00:00,-8.112350712885304,14.0
2024-05-08 00:00:00+00:00,-6.390848191466062,15.0
2024-05-08 01:00:00+00:00,-5.92312548723844,17.0
2024-05-08 02:00:00+00:00,-7.955968276635482,18.0
2024-05-08 03:00:00+00:00,-12.742977177062267,15.0
2024-05-08 04:00:00+00:00,-12.291943714016961,15.0
2024-05-08 05:00:00+00:00,-10.4788653098594,14.0
2024-05-08 06:00:00+00:00,-9.568480568287079,14.0
2024-05-08 07:00:00+00:00,-8.570650289218666,13.0
2024-05-08 08:00:00+00:00,-13.463163080171146,14.0
2024-05-08 09:00:00+00:00,-14.609054442426851,15.0
2024-05-08 10:00:00+00:00,-13.25347049873321,15.0
2024-05-08 11:00:00+00:00,-14.47686747713754,17.0
2024-05-08 12:00:00+00:00,-16.080161389474476,18.0
2024-05-08 13:00:00+00:00,-14.172895220548428,21.0
2024-05-08 14:00:00+00:00,-11.341998382422775,21.0
2024-05-08 15:00:00+00:00,-9.455175507131289,18.0
2024-05-08 16:00:00+00:00,-10.670058303221921,18.0
2024-05-08 17:00:00+00:00,-12.510516624196333,20.0
2024-05-08 18:00:00+00:00,-13.245106867128348,22.0
2024-05-08 19:00:00+00:00,-12.893711946181838,22.0
2024-05-08 20:00:00+00:00,-18.40339672991996,21.0
2024-05-08 21:00:00+00:00,-14.530208382675255,20.0
2024-05-08 22:00:00+00:00,-15.28848174907821,20.0
2024-05-08 23:00:00+00:00,-11.328873389199085,17.0
2024-05-09 00:00:00+00:00,-14.418589456706023,12.0
2024-05-09 01:00:00+00:00,-12.763682539792956,10.0
2024-05-09 02:00:00+00:00,-17.19036979805906,12.0
2024-05-09 03:00:00+00:00,-11.585926541888847,21.0
2024-05-09 04:00:00+00:00,-15.75035320601192,16.0
2024-05-09 05:00:00+00:00,-20.30248851491064,7.0
2024-05-09 06:00:00+00:00,-14.084948790051891,9.0
2024-05-09 07:00:00+00:00,-6.608495325493227,16.0
2024-05-09 08:00:00+00:00,-6.708671313747785,13.0
2024-05-09 09:00:00+00:00,-5.683245468872649,15.0
2024-05-09 10:00:00+00:00,-1.7410879555438312,13.0
2024-05-09 11:00:00+00:00,-6.597554424803498,3.0
2024-05-09 12:00:00+00:00,-11.342816975163883,-1.0
2024-05-09 13:00:00+00:00,-12.356381732807952,1.0
2024-05-09 14:00:00+00:00,-13.257271451650908,10.0
2024-05-09 15:00:00+00:00,-21.422374415664162,23.0
2024-05-09 16:00:00+00:00,-27.57918320547998,25.0
2024-05-09 17:00:00+00:00,-31.250041536860174,66.0
2024-05-09 18:00:00+00:00,-36.47567393870308,-33.0
2024-05-09 19:00:00+00:00,-43.461270329706174,-131.0
2024-05-09 20:00:00+00:00,-49.120411834206074,-157.0
2024-05-09 21:00:00+00:00,-51.52576579912416,-277.0
2024-05-09 22:00:00+00:00,-50.771049761389584,-339.0
2024-05-09 23:00:00+00:00,-43.2066354214868,-308.0
2024-05-10 00:00:00+00:00,-53.4427015020733,-313.0
2024-05-10 01:00:00+00:00,-54.13358463370331,-390.0
2024-05-10 02:00:00+00:00,-59.70523909824987,-406.0
2024-05-10 03:00:00+00:00,-65.1504469757291,-395.0
2024-05-10 04:00:00+00:00,-70.87375829026142,-389.0
2024-05-10 05:00:00+00:00,-67.36985738086902,-358.0
2024-05-10 06:00:00+00:00,-77.43505008974927,-320.0
2024-05-10 07:00:00+00:00,-63.58067196911364,-374.0
2024-05-10 08:00:00+00:00,-64.14316424883138,-364.0
2024-05-10 09:00:00+00:00,-64.70960989084688,-297.0
2024-05-10 10:00:00+00:00,-68.15240080459724,-318.0
2024-05-10 11:00:00+00:00,-69.62537928598942,-268.0
2024-05-10 12:00:00+00:00,-75.76520612215815,-258.0
2024-05-10 13:00:00+00:00,-69.70266217390169,-279.0
2024-05-10 14:00:00+00:00,-71.36093613475009,-281.0
2024-05-10 15:00:00+00:00,-72.25246423600782,-265.0
2024-05-10 16:00:00+00:00,-68.2272980954294,-270.0
2024-05-10 17:00:00+00:00,-72.8778291246735,-248.0
2024-05-10 18:00:00+00:00,-72.86377885582445,-203.0
2024-05-10 19:00:00+00:00,-77.18657922693244,-198.0
2024-05-10 20:00:00+00:00,-79.30381150246147,-190.0
2024-05-10 21:00:00+00:00,-75.25721932405342,-169.0
2024-05-10 22:00:00+00:00,-84.67046206521842,-157.0
2024-05-10 23:00:00+00:00,-93.4872570844811,-167.0
2024-05-11 00:00:00+00:00,-82.57496320692447,-150.0
2024-05-11 01:00:00+00:00,-84.32033159640983,-142.0
2024-05-11 02:00:00+00:00,-81.53574920272548,-135.0
2024-05-11 03:00:00+00:00,-79.96039627992269,-138.0
2024-05-11 04:00:00+00:00,-74.20643997706286,-138.0
2024-05-11 05:00:00+00:00,-76.68279357998334,-143.0
2024-05-11 06:00:00+00:00,-78.16923659046292,-132.0
2024-05-11 07:00:00+00:00,-77.77920593061624,-132.0
2024-05-11 08:00:00+00:00,-74.64733402340133,-131.0
2024-05-11 09:00:00+00:00,-72.95200001389915,-114.0
2024-05-11 10:00:00+00:00,-72.81339530684549,-104.0
2024-05-11 11:00:00+00:00,-77.49765723694004,-108.0
2024-05-11 12:00:00+00:00,-75.90948028463005,-108.0
2024-05-11 13:00:00+00:00,-71.42796818587995,-104.0
2024-05-11 14:00:00+00:00,-76.196092069884,-102.0
2024-05-11 15:00:00+00:00,-78.54951986589411,-96.0
2024-05-11 16:00:00+00:00,-76.36977870807527,-97.0
2024-05-11 17:00:00+00:00,-73.82240682521787,-93.0
2024-05-11 18:00:00+00:00,-70.55013983696192,-87.0
2024-05-11 19:00:00+00:00,-71.71172268738238,-82.0
2024-05-11 20:00:00+00:00,-70.52711709176978,-75.0
2024-05-11 21:00:00+00:00,-59.45725040329632,-77.0
2024-05-11 22:00:00+00:00,-65.18761273762313,-86.0
2024-05-11 23:00:00+00:00,-64.3548001169364,-81.0
2024-05-12 00:00:00+00:00,-64.73066599899838,-74.0
2024-05-12 01:00:00+00:00,-65.22079472264647,-76.0
2024-05-12 02:00:00+00:00,-71.22990831378684,-83.0
2024-05-12 03:00:00+00:00,-72.51182368497946,-88.0
2024-05-12 04:00:00+00:00,-73.36232783517141,-93.0
2024-05-12 05:00:00+00:00,-69.2362117867727,-86.0
2024-05-12 06:00:00+00:00,-71.64445818215513,-84.0
2024-05-12 07:00:00+00:00,-68.23605924342118,-67.0
2024-05-12 08:00:00+00:00,-64.5637387441217,-63.0
2024-05-12 09:00:00+00:00,-65.14504589014454,-59.0
2024-05-12 10:00:00+00:00,-63.073154005607954,-57.0
2024-05-12 11:00:00+00:00,-64.68713621329326,-61.0
2024-05-12 12:00:00+00:00,-59.27109562919494,-59.0
2024-05-12 13:00:00+00:00,-52.06428305040842,-63.0
2024-05-12 14:00:00+00:00,-44.57254272293326,-57.0
2024-05-12 15:00:00+00:00,-46.36697581748534,-51.0
2024-05-12 16:00:00+00:00,-48.621610204902666,-54.0
2024-05-12 17:00:00+00:00,-53.296419255265334,-55.0
2024-05-12 18:00:00+00:00,-51.00145368505308,-55.0
2024-05-12 19:00:00+00:00,-55.45090885667825,-51.0
2024-05-12 20:00:00+00:00,-48.29250956568596,-48.0
2024-05-12 21:00:00+00:00,-43.15317431238779,-44.0
2024-05-12 22:00:00+00:00,-41.10968894494541,-43.0
2024-05-12 23:00:00+00:00,-45.37476539534053,-46.0
2024-05-13 00:00:00+00:00,-40.91489849359611,-45.0
2024-05-13 01:00:00+00:00,-39.26749592192823,-48.0
2024-05-13 02:00:00+00:00,-34.8907532402736,-49.0
2024-05-13 03:00:00+00:00,-32.38766058993803,-51.0
2024-05-13 04:00:00+00:00,-33.62133040696567,-46.0
2024-05-13 05:00:00+00:00,-29.494881949662883,-42.0
2024-05-13 06:00:00+00:00,-28.67019508286378,-41.0
2024-05-13 07:00:00+00:00,-25.07942702430453,-43.0
2024-05-13 08:00:00+00:00,-26.63916364936493,-46.0
2024-05-13 09:00:00+00:00,-27.058692148085754,-49.0
2024-05-13 10:00:00+00:00,-29.34841940680417,-51.0
2024-05-13 11:00:00+00:00,-28.121060274216333,-53.0
2024-05-13 12:00:00+00:00,-30.09522820469724,-54.0
2024-05-13 13:00:00+00:00,-27.75111689091138,-48.0
2024-05-13 14:00:00+00:00,-26.802696400570607,-45.0
2024-05-13 15:00:00+00:00,-26.563521489933418,-44.0
2024-05-13 16:00:00+00:00,-26.43966022496715,-42.0
2024-05-13 17:00:00+00:00,-22.118294737167556,-42.0
2024-05-13 18:00:00+00:00,-18.373848193353783,-45.0
2024-05-13 19:00:00+00:00,-18.52387838461893,-44.0
2024-05-13 20:00:00+00:00,-24.144698129627358,-41.0
2024-05-13 21:00:00+00:00,-20.450064788779233,-39.0
2024-05-13 22:00:00+00:00,-21.985494909321748,-38.0
2024-05-13 23:00:00+00:00,-20.266684914895368,-41.0
2024-05-14 00:00:00+00:00,-16.869683034673766,-42.0
2024-05-14 01:00:00+00:00,-17.460274108303157,-40.0
2024-05-14 02:00:00+00:00,-16.93693775169614,-39.0
2024-05-14 03:00:00+00:00,-22.317097636585533,-39.0
2024-05-14 04:00:00+00:00,-21.682975708164793,-32.0
2024-05-14 05:00:00+00:00,-21.233636266778483,-30.0
2024-05-14 06:00:00+00:00,-17.253250205461633,-33.0
2024-05-14 07:00:00+00:00,-21.548251485329114,-35.0
2024-05-14 08:00:00+00:00,-25.166739891296412,-33.0
2024-05-14 09:00:00+00:00,-30.090492036502294,-33.0
2024-05-14 10:00:00+00:00,-30.622558126140976,-36.0
2024-05-14 11:00:00+00:00,-34.737842753608184,-44.0
2024-05-14 12:00:00+00:00,-29.119504082547223,-46.0
2024-05-14 13:00:00+00:00,-27.52954000686818,-44.0
2024-05-14 14:00:00+00:00,-28.50652026932215,-41.0
2024-05-14 15:00:00+00:00,-27.61855498834068,-40.0
2024-05-14 16:00:00+00:00,-26.52980644433372,-40.0
2024-05-14 17:00:00+00:00,-17.817138853197292,-38.0
2024-05-14 18:00:00+00:00,-17.43939999552763,-32.0
2024-05-14 19:00:00+00:00,-20.848968847193664,-32.0
2024-05-14 20:00:00+00:00,-23.919046735466736,-36.0
2024-05-14 21:00:00+00:00,-20.73912583694667,-42.0
2024-05-14 22:00:00+00:00,-22.67788202998719,-44.0
2024-05-14 23:00:00+00:00,-25.563107122772696,-49.0
2024-05-15 00:00:00+00:00,-29.05893444228741,-49.0
2024-05-15 01:00:00+00:00,-30.429634316473752,-51.0
2024-05-15 02:00:00+00:00,-28.365295743894986,-48.0
2024-05-15 03:00:00+00:00,-30.103189568706572,-46.0
2024-05-15 04:00:00+00:00,-21.519037346526314,-39.0
2024-05-15 05:00:00+00:00,-22.239558900843697,-29.0
2024-05-15 06:00:00+00:00,-34.56330296404187,-37.0
2024-05-15 07:00:00+00:00,-36.97414642154463,-32.0
2024-05-15 08:00:00+00:00,-41.74037076523524,-38.0
2024-05-15 09:00:00+00:00,-40.70837208553001,-74.0
2024-05-15 10:00:00+00:00,-39.47721693104355,-82.0
2024-05-15 11:00:00+00:00,-41.4166068475504,-73.0
2024-05-15 12:00:00+00:00,-40.08486009403244,-63.0
2024-05-15 13:00:00+00:00,-41.4048715382925,-73.0
2024-05-15 14:00:00+00:00,-38.4682068238813,-71.0
2024-05-15 15:00:00+00:00,-42.67761664749665,-73.0
2024-05-15 16:00:00+00:00,-47.08310596484881,-69.0
2024-05-15 17:00:00+00:00,-48.309448825471854,-68.0
2024-05-15 18:00:00+00:00,-39.1479173636676,-64.0
2024-05-15 19:00:00+00:00,-40.76741269401729,-58.0
2024-05-15 20:00:00+00:00,-40.86115652363507,-54.0
2024-05-15 21:00:00+00:00,-41.33262704813498,-52.0
2024-05-15 22:00:00+00:00,-38.430418717133094,-51.0
2024-05-15 23:00:00+00:00,-40.002498332060384,-49.0
2024-05-16 00:00:00+00:00,-37.0525349013235,-51.0
2024-05-16 01:00:00+00:00,-33.36189477028784,-52.0
2024-05-16 02:00:00+00:00,-34.97589884631144,-51.0
2024-05-16 03:00:00+00:00,-34.21527974775413,-50.0
2024-05-16 04:00:00+00:00,-31.998110470262123,-43.0
2024-05-16 05:00:00+00:00,-29.116875667216487,-37.0
2024-05-16 06:00:00+00:00,-30.350582113507464,-39.0
2024-05-16 07:00:00+00:00,-26.552570367203874,-34.0
2024-05-16 08:00:00+00:00,-26.220957839384347,-31.0
2024-05-16 09:00:00+00:00,-26.20711614297931,-30.0
2024-05-16 10:00:00+00:00,-21.53832885039252,-30.0
2024-05-16 11:00:00+00:00,-20.827241736919934,-34.0
2024-05-16 12:00:00+00:00,-29.664867544432894,-40.0
2024-05-16 13:00:00+00:00,-26.456304883008077,-28.0
2024-05-16 14:00:00+00:00,-22.931264727976064,-23.0
2024-05-16 15:00:00+00:00,-28.119277635107913,-21.0
2024-05-16 16:00:00+00:00,-35.740240029233895,-36.0
2024-05-16 17:00:00+00:00,-31.531965970872992,-52.0
2024-05-16 18:00:00+00:00,-34.931097148912514,-66.0
2024-05-16 19:00:00+00:00,-38.13556716719666,-77.0
2024-05-16 20:00:00+00:00,-35.67063866285948,-80.0
2024-05-16 21:00:00+00:00,-34.48839888255847,-78.0
2024-05-16 22:00:00+00:00,-32.81986598863209,-85.0
2024-05-16 23:00:00+00:00,-33.339711350733175,-88.0
2024-05-17 00:00:00+00:00,-34.03888392331164,-82.0
2024-05-17 01:00:00+00:00,-34.97378636700838,-81.0
2024-05-17 02:00:00+00:00,-37.66509515539784,-78.0
2024-05-17 03:00:00+00:00,-40.75889513716876,-78.0
2024-05-17 04:00:00+00:00,-40.194693223015605,-78.0
2024-05-17 05:00:00+00:00,-31.258406985835105,-72.0
2024-05-17 06:00:00+00:00,-31.58929003397724,-69.0
2024-05-17 07:00:00+00:00,-26.460193061635575,-66.0
2024-05-17 08:00:00+00:00,-27.00878523079732,-62.0
2024-05-17 09:00:00+00:00,-29.05808225246776,-62.0
2024-05-17 10:00:00+00:00,-30.457612297283116,-67.0
2024-05-17 11:00:00+00:00,-30.459647010666288,-68.0
2024-05-17 12:00:00+00:00,-36.93933024366509,-65.0
2024-05-17 13:00:00+00:00,-30.204984849519768,-63.0
2024-05-17 14:00:00+00:00,-30.13383668908403,-62.0
2024-05-17 15:00:00+00:00,-25.647569143271305,-62.0
2024-05-17 16:00:00+00:00,-27.106328530669067,-58.0
2024-05-17 17:00:00+00:00,-28.032260579541546,-54.0
2024-05-17 18:00:00+00:00,-32.30742849129141,-53.0
2024-05-17 19:00:00+00:00,-32.88563346985148,-49.0
2024-05-17 20:00:00+00:00,-28.184913101216527,-45.0
2024-05-17 21:00:00+00:00,-28.27955367318267,-38.0
2024-05-17 22:00:00+00:00,-21.217646581787648,-33.0
2024-05-17 23:00:00+00:00,-20.621223965017144,-34.0
2024-05-18 00:00:00+00:00,-22.414106605805138,-35.0
2024-05-18 01:00:00+00:00,-22.056752934126315,-32.0
2024-05-18 02:00:00+00:00,-18.114033886215495,-34.0
2024-05-18 03:00:00+00:00,-22.784344099606017,-37.0
2024-05-18 04:00:00+00:00,-22.282389524643833,-39.0
2024-05-18 05:00:00+00:00,-26.89753378890669,-42.0
2024-05-18 06:00:00+00:00,-23.899265251334402,-39.0
2024-05-18 07:00:00+00:00,-21.428120205152684,-37.0
2024-05-18 08:00:00+00:00,-23.003800714940354,-35.0
2024-05-18 09:00:00+00:00,-22.881289612010956,-32.0
2024-05-18 10:00:00+00:00,-18.36717538826464,-24.0
2024-05-18 11:00:00+00:00,-19.66010233373871,-26.0
2024-05-18 12:00:00+00:00,-22.84916996360494,-25.0
2024-05-18 13:00:00+00:00,-25.24658300929512,-24.0
2024-05-18 14:00:00+00:00,-20.12213449481161,-27.0
2024-05-18 15:00:00+00:00,-16.786907122594553,-33.0
2024-05-18 16:00:00+00:00,-17.026627589590092,-34.0
2024-05-18 17:00:00+00:00,-20.030178440696115,-33.0
2024-05-18 18:00:00+00:00,-19.417672172001744,-33.0
2024-05-18 19:00:00+00:00,-16.630556345701823,-28.0
2024-05-18 20:00:00+00:00,-15.287819701820219,-16.0
2024-05-18 21:00:00+00:00,-19.485526083598398,-14.0
2024-05-18 22:00:00+00:00,-13.385881960943552,-12.0
2024-05-18 23:00:00+00:00,-13.336186902514543,-12.0
2024-05-19 00:00:00+00:00,-19.258547234587365,-14.0
2024-05-19 01:00:00+00:00,-17.98370161140729,-15.0
2024-05-19 02:00:00+00:00,-15.696006959680906,-14.0
2024-05-19 03:00:00+00:00,-20.80090223554103,-20.0
2024-05-19 04:00:00+00:00,-22.42606830267803,-22.0
2024-05-19 05:00:00+00:00,-21.302033502570865,-19.0
2024-05-19 06:00:00+00:00,-21.71211643146534,-20.0
2024-05-19 07:00:00+00:00,-29.787556931380607,-34.0
2024-05-19 08:00:00+00:00,-20.984402394556202,-29.0
2024-05-19 09:00:00+00:00,-21.83222554399776,-24.0
2024-05-19 10:00:00+00:00,-21.713512977136155,-28.0
2024-05-19 11:00:00+00:00,-20.92754151094194,-30.0
2024-05-19 12:00:00+00:00,-18.3573886254804,-25.0
2024-05-19 13:00:00+00:00,-15.751127991586134,-18.0
2024-05-19 14:00:00+00:00,-19.195067205388913,-21.0
2024-05-19 15:00:00+00:00,-19.932847620707093,-19.0
2024-05-19 16:00:00+00:00,-18.342383704251784,-18.0
2024-05-19 17:00:00+00:00,-19.63265688964999,-18.0
2024-05-19 18:00:00+00:00,-19.231280190124536,-16.0
2024-05-19 19:00:00+00:00,-16.524497317944927,-13.0
2024-05-19 20:00:00+00:00,-15.547586973355815,-11.0
2024-05-19 21:00:00+00:00,-17.386066783843454,-9.0
2024-05-19 22:00:00+00:00,-18.33286447943109,-9.0
2024-05-19 23:00:00+00:00,-19.549454181341222,-13.0
2024-05-20 00:00:00+00:00,-18.892619823559027,-13.0
2024-05-20 01:00:00+00:00,-13.432572169341913,-9.0
2024-05-20 02:00:00+00:00,-12.24225806413928,-10.0
2024-05-20 03:00:00+00:00,-11.23571737188423,-13.0
2024-05-20 04:00:00+00:00,-14.605379990174578,-13.0
2024-05-20 05:00:00+00:00,-15.230366411264637,-12.0
2024-05-20 06:00:00+00:00,-13.274059276532721,-10.0
2024-05-20 07:00:00+00:00,-14.708349553827803,-11.0
2024-05-20 08:00:00+00:00,-16.23253960306277,-9.0
2024-05-20 09:00:00+00:00,-14.774286194236097,-7.0
2024-05-20 10:00:00+00:00,-15.43962930954268,-9.0
2024-05-20 11:00:00+00:00,-13.705811213387785,-15.0
2024-05-20 12:00:00+00:00,-16.19780750295403,-24.0
2024-05-20 13:00:00+00:00,-12.641363393488797,-20.0
2024-05-20 14:00:00+00:00,-12.698509988167755,-15.0
2024-05-20 15:00:00+00:00,-10.96833717837915,-12.0
2024-05-20 16:00:00+00:00,-10.267047745033011,-15.0
2024-05-20 17:00:00+00:00,-16.26816208749656,-17.0
2024-05-20 18:00:00+00:00,-16.381216143338396,-14.0
2024-05-20 19:00:00+00:00,-14.386544710835437,-9.0
2024-05-20 20:00:00+00:00,-14.228581969319883,-9.0
2024-05-20 21:00:00+00:00,-12.050934074877107,-12.0
2024-05-20 22:00:00+00:00,-15.554016137206286,-13.0
2024-05-20 23:00:00+00:00,-11.746853413823603,-14.0
2024-05-21 00:00:00+00:00,-14.239593042016734,-12.0
2024-05-21 01:00:00+00:00,-14.805690168059382,-12.0
2024-05-21 02:00:00+00:00,-16.861845501385197,-11.0
2024-05-21 03:00:00+00:00,-18.00425373397085,-12.0
2024-05-21 04:00:00+00:00,-17.98516898873162,-8.0
2024-05-21 05:00:00+00:00,-13.888319841008505,-7.0
2024-05-21 06:00:00+00:00,-12.493356732307587,-6.0
2024-05-21 07:00:00+00:00,-15.242405071331417,-5.0
2024-05-21 08:00:00+00:00,-12.702364209281967,-5.0
2024-05-21 09:00:00+00:00,-15.150645773727282,-6.0
2024-05-21 10:00:00+00:00,-13.239660122053252,-7.0
2024-05-21 11:00:00+00:00,-11.493988931618533,-6.0
2024-05-21 12:00:00+00:00,-7.70220937440225,-5.0
2024-05-21 13:00:00+00:00,-9.803999244614538,-4.0
2024-05-21 14:00:00+00:00,-5.757094847556434,-2.0
2024-05-21 15:00:00+00:00,-9.12647503369814,-1.0
2024-05-21 16:00:00+00:00,-14.747045883907958,-1.0
2024-05-21 17:00:00+00:00,-10.481521039540715,3.0
2024-05-21 18:00:00+00:00,-19.83340395210913,5.0
2024-05-21 19:00:00+00:00,-22.399699628278682,6.0
2024-05-21 20:00:00+00:00,-28.40462078480614,8.0
2024-05-21 21:00:00+00:00,-23.060852544904733,8.0
2024-05-21 22:00:00+00:00,-15.79497520889135,9.0
2024-05-21 23:00:00+00:00,-12.043643249742146,7.0
2024-05-22 00:00:00+00:00,-3.6379344016009347,4.0
2024-05-22 01:00:00+00:00,-5.395623977412487,5.0
2024-05-22 02:00:00+00:00,-3.768982383598191,7.0
2024-05-22 03:00:00+00:00,-4.8408363011749,7.0
2024-05-22 04:00:00+00:00,-1.8869159444507297,10.0
2024-05-22 05:00:00+00:00,-2.6267769357449766,7.0
2024-05-22 06:00:00+00:00,-1.8867347560901946,2.0
2024-05-22 07:00:00+00:00,-6.561464238005105,0.0
2024-05-22 08:00:00+00:00,-6.3707845471946305,-8.0
2024-05-22 09:00:00+00:00,-4.170803435873744,-10.0
2024-05-22 10:00:00+00:00,-10.260913674644707,-10.0
2024-05-22 11:00:00+00:00,-6.084507917571849,-14.0
2024-05-22 12:00:00+00:00,-6.120301454919279,-14.0
2024-05-22 13:00:00+00:00,-5.109256913390703,-14.0
2024-05-22 14:00:00+00:00,-5.633176320626393,-16.0
2024-05-22 15:00:00+00:00,-8.499892742037613,-19.0
2024-05-22 16:00:00+00:00,-8.468515777918894,-25.0
2024-05-22 17:00:00+00:00,-11.313707033926743,-28.0
2024-05-22 18:00:00+00:00,-14.330407435389128,-28.0
2024-05-22 19:00:00+00:00,-13.463875115361954,-25.0
2024-05-22 20:00:00+00:00,-13.082475276755849,-20.0
2024-05-22 21:00:00+00:00,-17.771974866253597,-23.0
2024-05-22 22:00:00+00:00,-8.384392983734838,-26.0
2024-05-22 23:00:00+00:00,-7.899635816157134,-15.0
2024-05-23 00:00:00+00:00,-9.462779243439627,-16.0
2024-05-23 01:00:00+00:00,-5.393901234154261,-15.0
2024-05-23 02:00:00+00:00,-4.424609018960513,-12.0
2024-05-23 03:00:00+00:00,-6.29201835798388,-11.0
2024-05-23 04:00:00+00:00,-6.782774611177403,-16.0
2024-05-23 05:00:00+00:00,-16.748792563874247,-25.0
2024-05-23 06:00:00+00:00,-12.051536936675042,-26.0
2024-05-23 07:00:00+00:00,-13.840835824023175,-27.0
2024-05-23 08:00:00+00:00,-12.207890091185236,-21.0
2024-05-23 09:00:00+00:00,-10.994815467131554,-21.0
2024-05-23 10:00:00+00:00,-9.69231190582396,-18.0
2024-05-23 11:00:00+00:00,-6.6188417642495345,-20.0
2024-05-23 12:00:00+00:00,-8.997693007101015,-23.0
2024-05-23 13:00:00+00:00,-11.653586746030012,-24.0
2024-05-23 14:00:00+00:00,-12.730577058352273,-23.0
2024-05-23 15:00:00+00:00,-11.137224187272214,-25.0
2024-05-23 16:00:00+00:00,-12.805552429849161,-25.0
2024-05-23 17:00:00+00:00,-9.317230899232596,-27.0
2024-05-23 18:00:00+00:00,-10.8023033009046,-26.0
2024-05-23 19:00:00+00:00,-10.233854767605813,-25.0
2024-05-23 20:00:00+00:00,-13.518893991421246,-23.0
2024-05-23 21:00:00+00:00,-13.127858612399358,-19.0
2024-05-23 22:00:00+00:00,-10.51384171689921,-11.0
2024-05-23 23:00:00+00:00,-6.322114825141654,-4.0
2024-05-24 00:00:00+00:00,-19.36085506945,-1.0
2024-05-24 01:00:00+00:00,-20.209488984289354,-3.0
2024-05-24 02:00:00+00:00,-21.067927802655532,-6.0
2024-05-24 03:00:00+00:00,-17.146558965828977,-11.0
2024-05-24 04:00:00+00:00,-18.23384091611387,-11.0
2024-05-24 05:00:00+00:00,-17.037016355987124,-10.0
2024-05-24 06:00:00+00:00,-15.368959782018987,-8.0
2024-05-24 07:00:00+00:00,-16.345257935826528,-8.0
2024-05-24 08:00:00+00:00,-15.182010991400068,-9.0
2024-05-24 09:00:00+00:00,-16.173163980631813,-8.0
2024-05-24 10:00:00+00:00,-17.949197917001836,-8.0
2024-05-24 11:00:00+00:00,-12.963597328806957,-6.0
2024-05-24 12:00:00+00:00,-8.571690823533268,-5.0
2024-05-24 13:00:00+00:00,-13.550449870676037,-2.0
2024-05-24 14:00:00+00:00,-11.950238950577795,-2.0
2024-05-24 15:00:00+00:00,-19.171548583595012,-2.0
2024-05-24 16:00:00+00:00,-16.521498346298557,-3.0
2024-05-24 17:00:00+00:00,-13.992237211213826,-9.0
2024-05-24 18:00:00+00:00,-13.656220503456037,-14.0
2024-05-24 19:00:00+00:00,-11.79569161123261,-13.0
2024-05-24 20:00:00+00:00,-12.183508884400819,-10.0
2024-05-24 21:00:00+00:00,-8.521810467552854,-9.0
2024-05-24 22:00:00+00:00,-12.078991577431523,-15.0
2024-05-24 23:00:00+00:00,-13.707778892132186,-20.0
2024-05-25 00:00:00+00:00,-9.246411756157332,-19.0
2024-05-25 01:00:00+00:00,-6.740648651238736,-17.0
2024-05-25 02:00:00+00:00,-10.068542590772408,-14.0
2024-05-25 03:00:00+00:00,-9.433400894173012,-12.0
2024-05-25 04:00:00+00:00,-7.0409046332889424,-13.0
2024-05-25 05:00:00+00:00,-3.3994726725528914,-12.0
2024-05-25 06:00:00+00:00,-2.186845952704599,-11.0
2024-05-25 07:00:00+00:00,-4.66389386692921,-11.0
2024-05-25 08:00:00+00:00,-3.5972000477818,-12.0
2024-05-25 09:00:00+00:00,-8.603340245683391,-11.0
2024-05-25 10:00:00+00:00,-6.509889766408947,-7.0
2024-05-25 11:00:00+00:00,-4.215879794616198,-8.0
2024-05-25 12:00:00+00:00,-4.531437525072799,-10.0
2024-05-25 13:00:00+00:00,-6.2622773514446965,-11.0
2024-05-25 14:00:00+00:00,-5.737618722701593,-17.0
2024-05-25 15:00:00+00:00,-8.085672068053658,-18.0
2024-05-25 16:00:00+00:00,-10.95887341053484,-22.0
2024-05-25 17:00:00+00:00,-13.259269824908595,-21.0
2024-05-25 18:00:00+00:00,-14.105382752187909,-22.0
2024-05-25 19:00:00+00:00,-13.648217915608177,-27.0
2024-05-25 20:00:00+00:00,-13.499263687311108,-27.0
2024-05-25 21:00:00+00:00,-8.538614844210402,-17.0
2024-05-25 22:00:00+00:00,-8.060970574925426,-11.0
2024-05-25 23:00:00+00:00,-6.931105811997269,-6.0
2024-05-26 00:00:00+00:00,-3.2288805165796917,-5.0
2024-05-26 01:00:00+00:00,-5.031408905838193,-1.0
2024-05-26 02:00:00+00:00,-3.6911169635928816,0.0
2024-05-26 03:00:00+00:00,-2.213040756031297,-1.0
2024-05-26 04:00:00+00:00,-7.067146729763701,0.0
2024-05-26 05:00:00+00:00,-4.571988889604686,0.0
2024-05-26 06:00:00+00:00,-8.18061868459931,-2.0
2024-05-26 07:00:00+00:00,-4.099040896873608,2.0
2024-05-26 08:00:00+00:00,-7.068266131371837,-1.0
2024-05-26 09:00:00+00:00,-8.626297325312473,-9.0
2024-05-26 10:00:00+00:00,-8.320235977770764,-10.0
2024-05-26 11:00:00+00:00,-10.959116321590578,-12.0
2024-05-26 12:00:00+00:00,-14.708694347647985,-4.0
2024-05-26 13:00:00+00:00,-15.230602556861617,-4.0
2024-05-26 14:00:00+00:00,-11.594489667414315,-10.0
2024-05-26 15:00:00+00:00,-10.054715889051282,-12.0
2024-05-26 16:00:00+00:00,-11.64416409394004,-12.0
2024-05-26 17:00:00+00:00,-8.323573672258277,-10.0
2024-05-26 18:00:00+00:00,-5.908931734694146,-9.0
2024-05-26 19:00:00+00:00,-8.546057813012764,-10.0
2024-05-26 20:00:00+00:00,-10.57133343529239,-7.0
2024-05-26 21:00:00+00:00,-5.80670244964873,-5.0
2024-05-26 22:00:00+00:00,-6.3665220728047345,-6.0
2024-05-26 23:00:00+00:00,-7.955116519162242,-7.0
2024-05-27 00:00:00+00:00,-7.756144413289353,-5.0
2024-05-27 01:00:00+00:00,-5.139359498665385,-6.0
2024-05-27 02:00:00+00:00,-10.143722589028533,-8.0
2024-05-27 03:00:00+00:00,-6.324001777437091,-8.0
2024-05-27 04:00:00+00:00,-6.366537082967061,-4.0
2024-05-27 05:00:00+00:00,-5.596814422319688,2.0
2024-05-27 06:00:00+00:00,-2.860460543131351,4.0
2024-05-27 07:00:00+00:00,-4.3640539845342605,4.0
2024-05-27 08:00:00+00:00,-6.058104073877442,8.0
2024-05-27 09:00:00+00:00,-8.56508720543816,9.0
2024-05-27 10:00:00+00:00,-7.24532742362686,7.0
2024-05-27 11:00:00+00:00,-4.500475386985707,6.0
2024-05-27 12:00:00+00:00,-6.593260480810317,3.0
2024-05-27 13:00:00+00:00,-4.613610354311239,0.0
2024-05-27 14:00:00+00:00,-7.006523437360907,1.0
2024-05-27 15:00:00+00:00,-5.437272220889491,5.0
2024-05-27 16:00:00+00:00,-0.9578814291078027,8.0
2024-05-27 17:00:00+00:00,-2.9173023877246895,10.0
2024-05-27 18:00:00+00:00,0.43595876833357355,11.0
2024-05-27 19:00:00+00:00,-1.1777644724984548,10.0
2024-05-27 20:00:00+00:00,-2.7897258688830697,8.0
2024-05-27 21:00:00+00:00,-2.3352956528513262,7.0
2024-05-27 22:00:00+00:00,-0.2955332893783833,8.0
2024-05-27 23:00:00+00:00,-4.5908489301841255,10.0
2024-05-28 00:00:00+00:00,-5.122585924483103,10.0
2024-05-28 01:00:00+00:00,-5.056557977119105,14.0
2024-05-28 02:00:00+00:00,-5.227008713906074,15.0
2024-05-28 03:00:00+00:00,-5.079427851576904,13.0
2024-05-28 04:00:00+00:00,-5.422734123551897,16.0
2024-05-28 05:00:00+00:00,-3.962114298557535,18.0
2024-05-28 06:00:00+00:00,-4.974341510989887,16.0
2024-05-28 07:00:00+00:00,-4.2141854035602995,18.0
2024-05-28 08:00:00+00:00,-1.6638578049222705,22.0
2024-05-28 09:00:00+00:00,-3.674541060570853,24.0
2024-05-28 10:00:00+00:00,-4.254115517319911,23.0
2024-05-28 11:00:00+00:00,0.7098033617727342,16.0
2024-05-28 12:00:00+00:00,-0.1577851539651292,15.0
2024-05-28 13:00:00+00:00,-4.039247243650966,15.0
2024-05-28 14:00:00+00:00,0.9880343982015027,17.0
2024-05-28 15:00:00+00:00,4.397836292215975,21.0
2024-05-28 16:00:00+00:00,4.870102405662447,27.0
2024-05-28 17:00:00+00:00,7.99825711218239,25.0
2024-05-28 18:00:00+00:00,4.256168699660942,19.0
2024-05-28 19:00:00+00:00,7.365707896683137,11.0
2024-05-28 20:00:00+00:00,8.129035781021473,12.0
2024-05-28 21:00:00+00:00,10.3015978107645,7.0
2024-05-28 22:00:00+00:00,4.725439953056185,4.0
2024-05-28 23:00:00+00:00,6.014704536929117,2.0
2024-05-29 00:00:00+00:00,11.636434248496169,1.0
2024-05-29 01:00:00+00:00,11.389552357100639,1.0
2024-05-29 02:00:00+00:00,10.295964540043599,4.0
2024-05-29 03:00:00+00:00,10.744526510343622,5.0
2024-05-29 04:00:00+00:00,6.1991052859902895,10.0
2024-05-29 05:00:00+00:00,0.07976310899943097,11.0
2024-05-29 06:00:00+00:00,1.6656171210555808,11.0
2024-05-29 07:00:00+00:00,6.177165821312151,14.0
2024-05-29 08:00:00+00:00,2.8003833590403002,16.0
2024-05-29 09:00:00+00:00,0.4857814861601164,17.0
2024-05-29 10:00:00+00:00,2.261522060561065,12.0
2024-05-29 11:00:00+00:00,-3.510485547833564,13.0
2024-05-29 12:00:00+00:00,-1.2120636564269491,10.0
2024-05-29 13:00:00+00:00,0.6097977006015142,5.0
2024-05-29 14:00:00+00:00,0.45630841102653674,5.0
2024-05-29 15:00:00+00:00,-1.493094558595007,0.0
2024-05-29 16:00:00+00:00,-4.524776320414217,-3.0
2024-05-29 17:00:00+00:00,-2.8897253531873885,-5.0
2024-05-29 18:00:00+00:00,6.928205216455134,-9.0
2024-05-29 19:00:00+00:00,-4.560900849298344,-17.0
2024-05-29 20:00:00+00:00,-7.554837531870291,-18.0
2024-05-29 21:00:00+00:00,-0.5258112213318016,-17.0
2024-05-29 22:00:00+00:00,-1.401889544670153,-12.0
2024-05-29 23:00:00+00:00,-0.09671659413371564,-7.0
2024-05-30 00:00:00+00:00,-11.302868170706429,-5.0
2024-05-30 01:00:00+00:00,-10.394830731646643,-4.0
2024-05-30 02:00:00+00:00,-15.163749003745105,-11.0
2024-05-30 03:00:00+00:00,-10.271598067386206,-17.0
2024-05-30 04:00:00+00:00,-10.50746953833746,-22.0
2024-05-30 05:00:00+00:00,-12.254833187759838,-21.0
2024-05-30 06:00:00+00:00,-11.111876899983308,-21.0
2024-05-30 07:00:00+00:00,-9.982563513646873,-17.0
2024-05-30 08:00:00+00:00,-9.34673131497337,-18.0
2024-05-30 09:00:00+00:00,-10.995983290476458,-22.0
2024-05-30 10:00:00+00:00,-7.024639288253456,-21.0
2024-05-30 11:00:00+00:00,-6.767526215001543,-24.0
2024-05-30 12:00:00+00:00,-6.992101297383149,-22.0
2024-05-30 13:00:00+00:00,-6.2743808655066164,-20.0
2024-05-30 14:00:00+00:00,-9.408747084173179,-20.0
2024-05-30 15:00:00+00:00,-10.925406874610593,-21.0
2024-05-30 16:00:00+00:00,-12.799740155881262,-18.0
2024-05-30 17:00:00+00:00,-8.352902782324323,-20.0
2024-05-30 18:00:00+00:00,-11.58499886133043,-25.0
2024-05-30 19:00:00+00:00,-10.175455460086287,-28.0
2024-05-30 20:00:00+00:00,-9.07837592990364,-26.0
2024-05-30 21:00:00+00:00,-10.283488259393085,-24.0
2024-05-30 22:00:00+00:00,-9.684718915314507,-21.0
2024-05-30 23:00:00+00:00,-10.405615524701329,-19.0
2024-05-31 00:00:00+00:00,-18.07334922906932,-25.0
2024-05-31 01:00:00+00:00,-19.560923809749656,-21.0
2024-05-31 02:00:00+00:00,-23.742096262058144,-21.0
2024-05-31 03:00:00+00:00,-20.199890022667365,-22.0
2024-05-31 04:00:00+00:00,-21.72854069603938,-22.0
2024-05-31 05:00:00+00:00,-17.849778235888937,-19.0
2024-05-31 06:00:00+00:00,-24.7939598322281,-18.0
2024-05-31 07:00:00+00:00,-17.53256562633757,-17.0
2024-05-31 08:00:00+00:00,-20.282288221407292,-16.0
2024-05-31 09:00:00+00:00,-21.786329156075052,-13.0
2024-05-31 10:00:00+00:00,-17.54785122553812,-13.0
2024-05-31 11:00:00+00:00,-19.969170643049154,-11.0
2024-05-31 12:00:00+00:00,-19.799782985472675,-11.0
2024-05-31 13:00:00+00:00,-19.093061645664974,-10.0
2024-05-31 14:00:00+00:00,-15.637124223921019,-10.0
2024-05-31 15:00:00+00:00,-17.604882446939047,-11.0
2024-05-31 16:00:00+00:00,-16.610030587314625,-12.0
2024-05-31 17:00:00+00:00,-18.814002132242695,-11.0
2024-05-31 18:00:00+00:00,-13.86989188833296,-10.0
2024-05-31 19:00:00+00:00,-22.404773068112178,-12.0
2024-05-31 20:00:00+00:00,-17.119017853070446,-10.0
2024-05-31 21:00:00+00:00,-19.69144980344186,-12.0
2024-05-31 22:00:00+00:00,-16.02670995211944,-10.0
2024-05-31 23:00:00+00:00,-15.4749383967978,-9.0
2024-06-01 00:00:00+00:00,-19.75458005290455,-8.0
2024-06-01 01:00:00+00:00,-18.396831880477755,-8.0
2024-06-01 02:00:00+00:00,-22.13439451371054,-8.0
2024-06-01 03:00:00+00:00,-27.0740213359302,-4.0
2024-06-01 04:00:00+00:00,-31.347276486925704,-5.0
2024-06-01 05:00:00+00:00,-34.17199155883067,-4.0
2024-06-01 06:00:00+00:00,-31.558544014384598,-2.0
2024-06-01 07:00:00+00:00,-33.155739682112134,-3.0
2024-06-01 08:00:00+00:00,-37.106453638998005,-1.0
2024-06-01 09:00:00+00:00,-34.93628564485125,-1.0
2024-06-01 10:00:00+00:00,-41.69697007903524,-2.0
2024-06-01 11:00:00+00:00,-35.81903697546687,-3.0
2024-06-01 12:00:00+00:00,-37.91147201851921,0.0
2024-06-01 13:00:00+00:00,-37.45792672636474,2.0
2024-06-01 14:00:00+00:00,-39.35424645828246,3.0
2024-06-01 15:00:00+00:00,-36.84181961364511,3.0
2024-06-01 16:00:00+00:00,-31.959591043912628,8.0
2024-06-01 17:00:00+00:00,-17.72058307702216,8.0
2024-06-01 18:00:00+00:00,-21.29638738034046,7.0
2024-06-01 19:00:00+00:00,-21.80412441711726,3.0
2024-06-01 20:00:00+00:00,-20.12405490549992,2.0
2024-06-01 21:00:00+00:00,-15.368738196135174,1.0
2024-06-01 22:00:00+00:00,-13.750952248794668,-1.0
2024-06-01 23:00:00+00:00,-16.565915636633363,-4.0
2024-06-02 00:00:00+00:00,-12.390135453285854,-2.0
2024-06-02 01:00:00+00:00,-15.703125971530062,0.0
2024-06-02 02:00:00+00:00,-16.104719037747802,1.0
2024-06-02 03:00:00+00:00,-18.479158110312856,-2.0
2024-06-02 04:00:00+00:00,-19.741277949025793,0.0
2024-06-02 05:00:00+00:00,-15.790889719001058,0.0
2024-06-02 06:00:00+00:00,-17.759785101646155,1.0
2024-06-02 07:00:00+00:00,-21.165087344304716,0.0
2024-06-02 08:00:00+00:00,-22.646544739861938,-6.0
2024-06-02 09:00:00+00:00,-20.449740986538025,-7.0
2024-06-02 10:00:00+00:00,-22.35201331855,-7.0
2024-06-02 11:00:00+00:00,-19.13762231182113,-8.0
2024-06-02 12:00:00+00:00,-19.91874397741236,-8.0
2024-06-02 13:00:00+00:00,-14.36776185342158,-8.0
2024-06-02 14:00:00+00:00,-19.840864292954887,-7.0
2024-06-02 15:00:00+00:00,-20.891649992286847,-6.0
2024-06-02 16:00:00+00:00,-16.792642967028204,-5.0
2024-06-02 17:00:00+00:00,-19.656259248438168,-4.0
2024-06-02 18:00:00+00:00,-17.881823848065586,-2.0
2024-06-02 19:00:00+00:00,-20.836094536619044,1.0
2024-06-02 20:00:00+00:00,-22.15370581116327,4.0
2024-06-02 21:00:00+00:00,-32.81585754939952,2.0
2024-06-02 22:00:00+00:00,-40.48594669234938,5.0
2024-06-02 23:00:00+00:00,-31.33735557515996,-12.0
2024-06-03 00:00:00+00:00,-16.343577766527577,-8.0
2024-06-03 01:00:00+00:00,-16.602436364610124,-6.0
2024-06-03 02:00:00+00:00,-24.05779914495816,-2.0
2024-06-03 03:00:00+00:00,-15.703004789503343,0.0
2024-06-03 04:00:00+00:00,-22.200040317427973,-6.0
2024-06-03 05:00:00+00:00,-19.86018217951009,-7.0
2024-06-03 06:00:00+00:00,-26.064330881355097,-14.0
2024-06-03 07:00:00+00:00,-24.288319913450383,-12.0
2024-06-03 08:00:00+00:00,-28.000398364456004,-18.0
2024-06-03 09:00:00+00:00,-30.467640563484807,-23.0
2024-06-03 10:00:00+00:00,-34.26804896229874,-22.0
2024-06-03 11:00:00+00:00,-29.597614310030426,-19.0
2024-06-03 12:00:00+00:00,-24.511757666292205,-15.0
2024-06-03 13:00:00+00:00,-19.894365273811797,-16.0
2024-06-03 14:00:00+00:00,-18.929613941236525,-20.0
2024-06-03 15:00:00+00:00,-17.2535765620673,-18.0
2024-06-03 16:00:00+00:00,-13.241868988784711,-17.0
2024-06-03 17:00:00+00:00,-14.990953770011442,-17.0
2024-06-03 18:00:00+00:00,-14.062302189245896,-20.0
2024-06-03 19:00:00+00:00,-15.99850978948854,-19.0
2024-06-03 20:00:00+00:00,-10.687060125699405,-16.0
2024-06-03 21:00:00+00:00,-10.869359765959151,-15.0
2024-06-03 22:00:00+00:00,-9.37472711597453,-14.0
2024-06-03 23:00:00+00:00,-7.758661853872851,-13.0
2024-06-04 00:00:00+00:00,-11.192714057584954,-12.0
2024-06-04 01:00:00+00:00,-11.472412274224173,-14.0
2024-06-04 02:00:00+00:00,-13.938727612993091,-15.0
2024-06-04 03:00:00+00:00,-7.584887688992706,-14.0
2024-06-04 04:00:00+00:00,-10.960617386974958,-8.0
2024-06-04 05:00:00+00:00,-9.732777717797887,0.0
2024-06-04 06:00:00+00:00,-8.096128237969706,-4.0
2024-06-04 07:00:00+00:00,-9.54018650711178,-10.0
2024-06-04 08:00:00+00:00,-10.508493439200615,-8.0
2024-06-04 09:00:00+00:00,-7.90251566835377,-3.0
2024-06-04 10:00:00+00:00,-6.995338263400756,0.0
2024-06-04 11:00:00+00:00,-9.576397198724969,8.0
2024-06-04 12:00:00+00:00,-9.572917156468595,12.0
2024-06-04 13:00:00+00:00,-14.808661990646034,13.0
2024-06-04 14:00:00+00:00,-16.96320404072601,6.0
2024-06-04 15:00:00+00:00,-6.163162689671908,-1.0
2024-06-04 16:00:00+00:00,-11.785808376650861,-5.0
2024-06-04 17:00:00+00:00,-10.942504685740841,-7.0
2024-06-04 18:00:00+00:00,-12.644695100776621,-9.0
2024-06-04 19:00:00+00:00,-14.213525940148278,-12.0
2024-06-04 20:00:00+00:00,-16.40852269357683,-11.0
2024-06-04 21:00:00+00:00,-12.708966804582595,-15.0
2024-06-04 22:00:00+00:00,-18.75373718835048,-18.0
2024-06-04 23:00:00+00:00,-20.169671572662104,-17.0
2024-06-05 00:00:00+00:00,-10.894796902714578,-14.0
2024-06-05 01:00:00+00:00,-7.931266053023871,-11.0
2024-06-05 02:00:00+00:00,-9.010443895349393,-12.0
2024-06-05 03:00:00+00:00,-4.204986437744424,-14.0
2024-06-05 04:00:00+00:00,-8.361426820909655,-20.0
2024-06-05 05:00:00+00:00,-15.393860959130828,-22.0
2024-06-05 06:00:00+00:00,-11.764325503312818,-18.0
2024-06-05 07:00:00+00:00,-12.815604678625014,-15.0
2024-06-05 08:00:00+00:00,-8.73796671386945,-18.0
2024-06-05 09:00:00+00:00,-12.83490828461804,-23.0
2024-06-05 10:00:00+00:00,-10.022202602885667,-22.0
2024-06-05 11:00:00+00:00,-6.819843482299369,-19.0
2024-06-05 12:00:00+00:00,-5.059505553666496,-16.0
2024-06-05 13:00:00+00:00,-6.660320062293975,-13.0
2024-06-05 14:00:00+00:00,-5.4817221764419,-10.0
2024-06-05 15:00:00+00:00,-3.4576613590731475,-12.0
2024-06-05 16:00:00+00:00,-2.864910827335001,-12.0
2024-06-05 17:00:00+00:00,-7.911859664353324,-13.0
2024-06-05 18:00:00+00:00,-8.083283539058211,-12.0
2024-06-05 19:00:00+00:00,-3.456717923133479,-10.0
2024-06-05 20:00:00+00:00,-6.048924252388329,-7.0
2024-06-05 21:00:00+00:00,-7.344442684000339,-9.0
2024-06-05 22:00:00+00:00,-8.815622303924785,-10.0
2024-06-05 23:00:00+00:00,-5.112911921277662,-10.0
